Workbook

Sheet REBUILT
A1: courses long | B1: courses short | C1: city | D1: county | E1: Type | F1: google rating | G1: slope | H1: latitude | I1: longitude
A2: Bay Pointe Golf Club | B2: Bay Pointe | C2: =VLOOKUP($B2, 'Main Data'!$B$2:$Z$131, 2, FALSE) -> West Bloomfield Township | D2: =VLOOKUP(B2, County!$A$2:$B$131, 2, FALSE) -> Oakland | E2: =VLOOKUP($B2, 'Main Data'!$B$2:$Z$131, 4, FALSE) -> Public | F2: =VLOOKUP(A2,'Google Ratings'!$A$2:$B$128, 2, FALSE) -> 3.9 | G2: =VLOOKUP($A2, 'Slope Ratings'!$A$2:$D$150, 3, FALSE) -> 121 | H2: =VLOOKUP($A2, 'course_coordinates (1)'!$A$2:$D$145, 4, FALSE) -> 42.582024 | I2: =VLOOKUP($A2, 'course_coordinates (1)'!$A$2:$G$145, 5, FALSE) -> -83.439877
A3: Beacon Hill Golf Club | B3: Beacon Hill | C3: =VLOOKUP($B3, 'Main Data'!$B$2:$Z$131, 2, FALSE) -> Commerce Township | D3: =VLOOKUP(B3, County!$A$2:$B$131, 2, FALSE) -> Oakland | E3: =VLOOKUP($B3, 'Main Data'!$B$2:$Z$131, 4, FALSE) -> Public | F3: =VLOOKUP(A3,'Google Ratings'!$A$2:$B$128, 2, FALSE) -> 4.3 | G3: =VLOOKUP($A3, 'Slope Ratings'!$A$2:$D$150, 3, FALSE) -> 126 | H3: =VLOOKUP($A3, 'course_coordinates (1)'!$A$2:$D$145, 4, FALSE) -> 42.608393 | I3: =VLOOKUP($A3, 'course_coordinates (1)'!$A$2:$G$145, 5, FALSE) -> -83.532568
A4: Bee Tee Golf Course | B4: Bee Tee | C4: =VLOOKUP($B4, 'Main Data'!$B$2:$Z$131, 2, FALSE) -> Macomb | D4: =VLOOKUP(B4, County!$A$2:$B$131, 2, FALSE) -> Macomb | E4: =VLOOKUP($B4, 'Main Data'!$B$2:$Z$131, 4, FALSE) -> Public | F4: =VLOOKUP(A4,'Google Ratings'!$A$2:$B$128, 2, FALSE) -> 3.7 | G4: =VLOOKUP($A4, 'Slope Ratings'!$A$2:$D$150, 3, FALSE) -> 132 | H4: =VLOOKUP($A4, 'course_coordinates (1)'!$A$2:$D$145, 4, FALSE) -> 42.647578 | I4: =VLOOKUP($A4, 'course_coordinates (1)'!$A$2:$G$145, 5, FALSE) -> -82.88073
A5: Bello Woods Golf Course | B5: Bello Woods | C5: =VLOOKUP($B5, 'Main Data'!$B$2:$Z$131, 2, FALSE) -> Macomb | D5: =VLOOKUP(B5, County!$A$2:$B$131, 2, FALSE) -> Macomb | E5: =VLOOKUP($B5, 'Main Data'!$B$2:$Z$131, 4, FALSE) -> Public | F5: =VLOOKUP(A5,'Google Ratings'!$A$2:$B$128, 2, FALSE) -> 3.9 | G5: =VLOOKUP($A5, 'Slope Ratings'!$A$2:$D$150, 3, FALSE) -> 110 | H5: =VLOOKUP($A5, 'course_coordinates (1)'!$A$2:$D$145, 4, FALSE) -> 42.672508 | I5: =VLOOKUP($A5, 'course_coordinates (1)'!$A$2:$G$145, 5, FALSE) -> -82.871765
A6: Birmingham Country Club | B6: Birmingham CC | C6: =VLOOKUP($B6, 'Main Data'!$B$2:$Z$131, 2, FALSE) -> Birmingham | D6: =VLOOKUP(B6, County!$A$2:$B$131, 2, FALSE) -> Oakland | E6: =VLOOKUP($B6, 'Main Data'!$B$2:$Z$131, 4, FALSE) -> Private | F6: =VLOOKUP(A6,'Google Ratings'!$A$2:$B$128, 2, FALSE) -> 4.7 | G6: =VLOOKUP($A6, 'Slope Ratings'!$A$2:$D$150, 3, FALSE) -> 129 | H6: =VLOOKUP($A6, 'course_coordinates (1)'!$A$2:$D$145, 4, FALSE) -> 42.533127 | I6: =VLOOKUP($A6, 'course_coordinates (1)'!$A$2:$G$145, 5, FALSE) -> -83.234329
A7: Blackheath Golf Club | B7: Blackheath | C7: =VLOOKUP($B7, 'Main Data'!$B$2:$Z$131, 2, FALSE) -> Oakland Township | D7: =VLOOKUP(B7, County!$A$2:$B$131, 2, FALSE) -> Oakland | E7: =VLOOKUP($B7, 'Main Data'!$B$2:$Z$131, 4, FALSE) -> Public | F7: =VLOOKUP(A7,'Google Ratings'!$A$2:$B$128, 2, FALSE) -> 3.7 | G7: =VLOOKUP($A7, 'Slope Ratings'!$A$2:$D$150, 3, FALSE) -> 125 | H7: =VLOOKUP($A7, 'course_coordinates (1)'!$A$2:$D$145, 4, FALSE) -> 42.751564 | I7: =VLOOKUP($A7, 'course_coordinates (1)'!$A$2:$G$145, 5, FALSE) -> -83.134468
A8: Bloomfield Hills Country Club | B8: Bloomfield Hills CC | C8: =VLOOKUP($B8, 'Main Data'!$B$2:$Z$131, 2, FALSE) -> Bloomfield Hills | D8: =VLOOKUP(B8, County!$A$2:$B$131, 2, FALSE) -> Oakland | E8: =VLOOKUP($B8, 'Main Data'!$B$2:$Z$131, 4, FALSE) -> Private | F8: =VLOOKUP(A8,'Google Ratings'!$A$2:$B$128, 2, FALSE) -> 4.4 | G8: =VLOOKUP($A8, 'Slope Ratings'!$A$2:$D$150, 3, FALSE) -> 128 | H8: =VLOOKUP($A8, 'course_coordinates (1)'!$A$2:$D$145, 4, FALSE) -> 42.582906 | I8: =VLOOKUP($A8, 'course_coordinates (1)'!$A$2:$G$145, 5, FALSE) -> -83.252639
A9: Boulder Pointe Golf Club | B9: Boulder Pointe | C9: =VLOOKUP($B9, 'Main Data'!$B$2:$Z$131, 2, FALSE) -> Oxford | D9: =VLOOKUP(B9, County!$A$2:$B$131, 2, FALSE) -> Oakland | E9: =VLOOKUP($B9, 'Main Data'!$B$2:$Z$131, 4, FALSE) -> Public | F9: =VLOOKUP(A9,'Google Ratings'!$A$2:$B$128, 2, FALSE) -> 4.3 | G9: =VLOOKUP($A9, 'Slope Ratings'!$A$2:$D$150, 3, FALSE) -> 130 | H9: =VLOOKUP($A9, 'course_coordinates (1)'!$A$2:$D$145, 4, FALSE) -> 42.834254 | I9: =VLOOKUP($A9, 'course_coordinates (1)'!$A$2:$G$145, 5, FALSE) -> -83.277656
A10: Brae Burn Golf Club | B10: Brae Burn | C10: =VLOOKUP($B10, 'Main Data'!$B$2:$Z$131, 2, FALSE) -> Plymouth Township | D10: =VLOOKUP(B10, County!$A$2:$B$131, 2, FALSE) -> Wayne | E10: =VLOOKUP($B10, 'Main Data'!$B$2:$Z$131, 4, FALSE) -> Public | F10: =VLOOKUP(A10,'Google Ratings'!$A$2:$B$128, 2, FALSE) -> 3.7 | G10: =VLOOKUP($A10, 'Slope Ratings'!$A$2:$D$150, 3, FALSE) -> 123 | H10: =VLOOKUP($A10, 'course_coordinates (1)'!$A$2:$D$145, 4, FALSE) -> 42.391292 | I10: =VLOOKUP($A10, 'course_coordinates (1)'!$A$2:$G$145, 5, FALSE) -> -83.551051
A11: Brentwood Golf Club | B11: Brentwood | C11: =VLOOKUP($B11, 'Main Data'!$B$2:$Z$131, 2, FALSE) -> White Lake | D11: =VLOOKUP(B11, County!$A$2:$B$131, 2, FALSE) -> Oakland | E11: =VLOOKUP($B11, 'Main Data'!$B$2:$Z$131, 4, FALSE) -> Public | F11: =VLOOKUP(A11,'Google Ratings'!$A$2:$B$128, 2, FALSE) -> 4.1 | G11: =VLOOKUP($A11, 'Slope Ratings'!$A$2:$D$150, 3, FALSE) -> 119 | H11: =VLOOKUP($A11, 'course_coordinates (1)'!$A$2:$D$145, 4, FALSE) -> 42.618441 | I11: =VLOOKUP($A11, 'course_coordinates (1)'!$A$2:$G$145, 5, FALSE) -> -83.525783
A12: Brookwood | B12: Brookwood | C12: =VLOOKUP($B12, 'Main Data'!$B$2:$Z$131, 2, FALSE) -> Rochester Hills | D12: =VLOOKUP(B12, County!$A$2:$B$131, 2, FALSE) -> Oakland | E12: =VLOOKUP($B12, 'Main Data'!$B$2:$Z$131, 4, FALSE) -> Private | F12: =VLOOKUP(A12,'Google Ratings'!$A$2:$B$128, 2, FALSE) -> 4.6 | G12: 125 | H12: 42.69397 | I12: -83.17477
A13: Bruce Hills Public Golf Course | B13: Bruce Hills | C13: =VLOOKUP($B13, 'Main Data'!$B$2:$Z$131, 2, FALSE) -> Bruce Township | D13: =VLOOKUP(B13, County!$A$2:$B$131, 2, FALSE) -> Macomb | E13: =VLOOKUP($B13, 'Main Data'!$B$2:$Z$131, 4, FALSE) -> Public | F13: =VLOOKUP(A13,'Google Ratings'!$A$2:$B$128, 2, FALSE) -> 3.8 | G13: =VLOOKUP($A13, 'Slope Ratings'!$A$2:$D$150, 3, FALSE) -> 106 | H13: =VLOOKUP($A13, 'course_coordinates (1)'!$A$2:$D$145, 4, FALSE) -> 42.824 | I13: =VLOOKUP($A13, 'course_coordinates (1)'!$A$2:$G$145, 5, FALSE) -> -83.051683
A14: Bushwood Golf Course | B14: Bushwood | C14: =VLOOKUP($B14, 'Main Data'!$B$2:$Z$131, 2, FALSE) -> Northville | D14: Wayne | E14: =VLOOKUP($B14, 'Main Data'!$B$2:$Z$131, 4, FALSE) -> Public | F14: =VLOOKUP(A14,'Google Ratings'!$A$2:$B$128, 2, FALSE) -> 4.3 | G14: 90 | H14: =VLOOKUP($A14, 'course_coordinates (1)'!$A$2:$D$145, 4, FALSE) -> 42.405417 | I14: =VLOOKUP($A14, 'course_coordinates (1)'!$A$2:$G$145, 5, FALSE) -> -83.433615
A15: Cedar Glen Golf and Outing | B15: Cedar Glen | C15: =VLOOKUP($B15, 'Main Data'!$B$2:$Z$131, 2, FALSE) -> New Baltimore | D15: =VLOOKUP(B15, County!$A$2:$B$131, 2, FALSE) -> Macomb | E15: =VLOOKUP($B15, 'Main Data'!$B$2:$Z$131, 4, FALSE) -> Public | F15: =VLOOKUP(A15,'Google Ratings'!$A$2:$B$128, 2, FALSE) -> 3.7 | G15: =VLOOKUP($A15, 'Slope Ratings'!$A$2:$D$150, 3, FALSE) -> 116 | H15: =VLOOKUP($A15, 'course_coordinates (1)'!$A$2:$D$145, 4, FALSE) -> 42.705367 | I15: =VLOOKUP($A15, 'course_coordinates (1)'!$A$2:$G$145, 5, FALSE) -> -82.747159
A16: Chandler Park Golf Course | B16: Chandler Park | C16: =VLOOKUP($B16, 'Main Data'!$B$2:$Z$131, 2, FALSE) -> Detroit | D16: =VLOOKUP(B16, County!$A$2:$B$131, 2, FALSE) -> Wayne | E16: =VLOOKUP($B16, 'Main Data'!$B$2:$Z$131, 4, FALSE) -> Public | F16: =VLOOKUP(A16,'Google Ratings'!$A$2:$B$128, 2, FALSE) -> 4.2 | G16: =VLOOKUP($A16, 'Slope Ratings'!$A$2:$D$150, 3, FALSE) -> 104 | H16: =VLOOKUP($A16, 'course_coordinates (1)'!$A$2:$D$145, 4, FALSE) -> 42.397154 | I16: =VLOOKUP($A16, 'course_coordinates (1)'!$A$2:$G$145, 5, FALSE) -> -82.97287
A17: Cherry Creek Golf Club | B17: Cherry Creek | C17: =VLOOKUP($B17, 'Main Data'!$B$2:$Z$131, 2, FALSE) -> Shelby Township | D17: =VLOOKUP(B17, County!$A$2:$B$131, 2, FALSE) -> Macomb | E17: =VLOOKUP($B17, 'Main Data'!$B$2:$Z$131, 4, FALSE) -> Public | F17: =VLOOKUP(A17,'Google Ratings'!$A$2:$B$128, 2, FALSE) -> 4.5 | G17: =VLOOKUP($A17, 'Slope Ratings'!$A$2:$D$150, 3, FALSE) -> 124 | H17: =VLOOKUP($A17, 'course_coordinates (1)'!$A$2:$D$145, 4, FALSE) -> 42.676976 | I17: =VLOOKUP($A17, 'course_coordinates (1)'!$A$2:$G$145, 5, FALSE) -> -83.021367
A18: Copper Creek Golf Course | B18: Copper Creek | C18: =VLOOKUP($B18, 'Main Data'!$B$2:$Z$131, 2, FALSE) -> Farmington Hills | D18: =VLOOKUP(B18, County!$A$2:$B$131, 2, FALSE) -> Oakland | E18: =VLOOKUP($B18, 'Main Data'!$B$2:$Z$131, 4, FALSE) -> Public | F18: =VLOOKUP(A18,'Google Ratings'!$A$2:$B$128, 2, FALSE) -> 4.2 | G18: =VLOOKUP($A18, 'Slope Ratings'!$A$2:$D$150, 3, FALSE) -> 114 | H18: =VLOOKUP($A18, 'course_coordinates (1)'!$A$2:$D$145, 4, FALSE) -> 42.498356 | I18: =VLOOKUP($A18, 'course_coordinates (1)'!$A$2:$G$145, 5, FALSE) -> -83.424146
A19: Copper Hills Golf Club | B19: Copper Hills | C19: =VLOOKUP($B19, 'Main Data'!$B$2:$Z$131, 2, FALSE) -> Oxford | D19: =VLOOKUP(B19, County!$A$2:$B$131, 2, FALSE) -> Oakland | E19: =VLOOKUP($B19, 'Main Data'!$B$2:$Z$131, 4, FALSE) -> Public | F19: =VLOOKUP(A19,'Google Ratings'!$A$2:$B$128, 2, FALSE) -> 3.9 | G19: =VLOOKUP($A19, 'Slope Ratings'!$A$2:$D$150, 3, FALSE) -> 134 | H19: =VLOOKUP($A19, 'course_coordinates (1)'!$A$2:$D$145, 4, FALSE) -> 42.82732 | I19: =VLOOKUP($A19, 'course_coordinates (1)'!$A$2:$G$145, 5, FALSE) -> -83.182912
A20: Country Club of Detroit | B20: Country Club of Detroit | C20: =VLOOKUP($B20, 'Main Data'!$B$2:$Z$131, 2, FALSE) -> Grosse Pointe Farms | D20: =VLOOKUP(B20, County!$A$2:$B$131, 2, FALSE) -> Wayne | E20: =VLOOKUP($B20, 'Main Data'!$B$2:$Z$131, 4, FALSE) -> Private | F20: =VLOOKUP(A20,'Google Ratings'!$A$2:$B$128, 2, FALSE) -> 4.6 | G20: =VLOOKUP($A20, 'Slope Ratings'!$A$2:$D$150, 3, FALSE) -> 131 | H20: =VLOOKUP($A20, 'course_coordinates (1)'!$A$2:$D$145, 4, FALSE) -> 42.414724 | I20: =VLOOKUP($A20, 'course_coordinates (1)'!$A$2:$G$145, 5, FALSE) -> -82.894073
A21: Coyote Golf Club | B21: Coyote | C21: =VLOOKUP($B21, 'Main Data'!$B$2:$Z$131, 2, FALSE) -> New Hudson | D21: =VLOOKUP(B21, County!$A$2:$B$131, 2, FALSE) -> Oakland | E21: =VLOOKUP($B21, 'Main Data'!$B$2:$Z$131, 4, FALSE) -> Public | F21: =VLOOKUP(A21,'Google Ratings'!$A$2:$B$128, 2, FALSE) -> 4.1 | G21: =VLOOKUP($A21, 'Slope Ratings'!$A$2:$D$150, 3, FALSE) -> 133 | H21: =VLOOKUP($A21, 'course_coordinates (1)'!$A$2:$D$145, 4, FALSE) -> 42.497571 | I21: =VLOOKUP($A21, 'course_coordinates (1)'!$A$2:$G$145, 5, FALSE) -> -83.612396
A22: Cracklewood Golf Club | B22: Cracklewood | C22: =VLOOKUP($B22, 'Main Data'!$B$2:$Z$131, 2, FALSE) -> Macomb | D22: =VLOOKUP(B22, County!$A$2:$B$131, 2, FALSE) -> Macomb | E22: =VLOOKUP($B22, 'Main Data'!$B$2:$Z$131, 4, FALSE) -> Public | F22: =VLOOKUP(A22,'Google Ratings'!$A$2:$B$128, 2, FALSE) -> 3.9 | G22: =VLOOKUP($A22, 'Slope Ratings'!$A$2:$D$150, 3, FALSE) -> 121 | H22: =VLOOKUP($A22, 'course_coordinates (1)'!$A$2:$D$145, 4, FALSE) -> 42.689617 | I22: =VLOOKUP($A22, 'course_coordinates (1)'!$A$2:$G$145, 5, FALSE) -> -82.942924
A23: Dearborn Country Club | B23: Dearborn CC | C23: =VLOOKUP($B23, 'Main Data'!$B$2:$Z$131, 2, FALSE) -> Dearborn | D23: =VLOOKUP(B23, County!$A$2:$B$131, 2, FALSE) -> Wayne | E23: =VLOOKUP($B23, 'Main Data'!$B$2:$Z$131, 4, FALSE) -> Private | F23: =VLOOKUP(A23,'Google Ratings'!$A$2:$B$128, 2, FALSE) -> 4.5 | G23: =VLOOKUP($A23, 'Slope Ratings'!$A$2:$D$150, 3, FALSE) -> 124 | H23: =VLOOKUP($A23, 'course_coordinates (1)'!$A$2:$D$145, 4, FALSE) -> 42.317751 | I23: =VLOOKUP($A23, 'course_coordinates (1)'!$A$2:$G$145, 5, FALSE) -> -83.254531
A24: Dearborn Hills Golf Course | B24: Dearborn Hills | C24: =VLOOKUP($B24, 'Main Data'!$B$2:$Z$131, 2, FALSE) -> Dearborn | D24: =VLOOKUP(B24, County!$A$2:$B$131, 2, FALSE) -> Wayne | E24: =VLOOKUP($B24, 'Main Data'!$B$2:$Z$131, 4, FALSE) -> Public | F24: =VLOOKUP(A24,'Google Ratings'!$A$2:$B$128, 2, FALSE) -> 3.6 | G24: 100 | H24: =VLOOKUP($A24, 'course_coordinates (1)'!$A$2:$D$145, 4, FALSE) -> 42.301256 | I24: =VLOOKUP($A24, 'course_coordinates (1)'!$A$2:$G$145, 5, FALSE) -> -83.273568
A25: Detroit Golf Club | B25: Detroit Golf Club | C25: =VLOOKUP($B25, 'Main Data'!$B$2:$Z$131, 2, FALSE) -> Detroit | D25: =VLOOKUP(B25, County!$A$2:$B$131, 2, FALSE) -> Wayne | E25: =VLOOKUP($B25, 'Main Data'!$B$2:$Z$131, 4, FALSE) -> Private | F25: =VLOOKUP(A25,'Google Ratings'!$A$2:$B$128, 2, FALSE) -> 4.7 | G25: =VLOOKUP($A25, 'Slope Ratings'!$A$2:$D$150, 3, FALSE) -> 125 | H25: =VLOOKUP($A25, 'course_coordinates (1)'!$A$2:$D$145, 4, FALSE) -> 42.42628 | I25: =VLOOKUP($A25, 'course_coordinates (1)'!$A$2:$G$145, 5, FALSE) -> -83.126246
A26: Downing Farms Golf Course | B26: Downing Farms | C26: =VLOOKUP($B26, 'Main Data'!$B$2:$Z$131, 2, FALSE) -> Northville | D26: =VLOOKUP(B26, County!$A$2:$B$131, 2, FALSE) -> Wayne | E26: =VLOOKUP($B26, 'Main Data'!$B$2:$Z$131, 4, FALSE) -> Public | F26: =VLOOKUP(A26,'Google Ratings'!$A$2:$B$128, 2, FALSE) -> 3.8 | G26: =VLOOKUP($A26, 'Slope Ratings'!$A$2:$D$150, 3, FALSE) -> 115 | H26: =VLOOKUP($A26, 'course_coordinates (1)'!$A$2:$D$145, 4, FALSE) -> 42.418376 | I26: =VLOOKUP($A26, 'course_coordinates (1)'!$A$2:$G$145, 5, FALSE) -> -83.604452
A27: Edgewood Country Club | B27: Edgewood | C27: =VLOOKUP($B27, 'Main Data'!$B$2:$Z$131, 2, FALSE) -> Commerce Township | D27: =VLOOKUP(B27, County!$A$2:$B$131, 2, FALSE) -> Oakland | E27: =VLOOKUP($B27, 'Main Data'!$B$2:$Z$131, 4, FALSE) -> Private | F27: =VLOOKUP(A27,'Google Ratings'!$A$2:$B$128, 2, FALSE) -> 4.7 | G27: =VLOOKUP($A27, 'Slope Ratings'!$A$2:$D$150, 3, FALSE) -> 128 | H27: =VLOOKUP($A27, 'course_coordinates (1)'!$A$2:$D$145, 4, FALSE) -> 42.589848 | I27: =VLOOKUP($A27, 'course_coordinates (1)'!$A$2:$G$145, 5, FALSE) -> -83.450099
A28: Evergreen Hills Golf Course | B28: Evergreen Hills | C28: =VLOOKUP($B28, 'Main Data'!$B$2:$Z$131, 2, FALSE) -> Southfield | D28: =VLOOKUP(B28, County!$A$2:$B$131, 2, FALSE) -> Oakland | E28: =VLOOKUP($B28, 'Main Data'!$B$2:$Z$131, 4, FALSE) -> Public | F28: =VLOOKUP(A28,'Google Ratings'!$A$2:$B$128, 2, FALSE) -> 4 | G28: =VLOOKUP($A28, 'Slope Ratings'!$A$2:$D$150, 3, FALSE) -> 108 | H28: =VLOOKUP($A28, 'course_coordinates (1)'!$A$2:$D$145, 4, FALSE) -> 42.479117 | I28: =VLOOKUP($A28, 'course_coordinates (1)'!$A$2:$G$145, 5, FALSE) -> -83.235713
A29: Farmington Hills Golf Club | B29: Farmington Hills | C29: =VLOOKUP($B29, 'Main Data'!$B$2:$Z$131, 2, FALSE) -> Farmington Hills | D29: =VLOOKUP(B29, County!$A$2:$B$131, 2, FALSE) -> Oakland | E29: =VLOOKUP($B29, 'Main Data'!$B$2:$Z$131, 4, FALSE) -> Public | F29: =VLOOKUP(A29,'Google Ratings'!$A$2:$B$128, 2, FALSE) -> 4.2 | G29: =VLOOKUP($A29, 'Slope Ratings'!$A$2:$D$150, 3, FALSE) -> 118 | H29: =VLOOKUP($A29, 'course_coordinates (1)'!$A$2:$D$145, 4, FALSE) -> 42.482576 | I29: =VLOOKUP($A29, 'course_coordinates (1)'!$A$2:$G$145, 5, FALSE) -> -83.419117
A30: Fellows Creek Golf Club | B30: Fellows Creek | C30: =VLOOKUP($B30, 'Main Data'!$B$2:$Z$131, 2, FALSE) -> Canton Township | D30: =VLOOKUP(B30, County!$A$2:$B$131, 2, FALSE) -> Wayne | E30: =VLOOKUP($B30, 'Main Data'!$B$2:$Z$131, 4, FALSE) -> Public | F30: =VLOOKUP(A30,'Google Ratings'!$A$2:$B$128, 2, FALSE) -> 4.2 | G30: =VLOOKUP($A30, 'Slope Ratings'!$A$2:$D$150, 3, FALSE) -> 119 | H30: =VLOOKUP($A30, 'course_coordinates (1)'!$A$2:$D$145, 4, FALSE) -> 42.286169 | I30: =VLOOKUP($A30, 'course_coordinates (1)'!$A$2:$G$145, 5, FALSE) -> -83.43872
A31: Fern Hill Golf Club | B31: Fern Hill | C31: =VLOOKUP($B31, 'Main Data'!$B$2:$Z$131, 2, FALSE) -> Clinton Township | D31: =VLOOKUP(B31, County!$A$2:$B$131, 2, FALSE) -> Macomb | E31: =VLOOKUP($B31, 'Main Data'!$B$2:$Z$131, 4, FALSE) -> Public | F31: =VLOOKUP(A31,'Google Ratings'!$A$2:$B$128, 2, FALSE) -> 4.1 | G31: =VLOOKUP($A31, 'Slope Ratings'!$A$2:$D$150, 3, FALSE) -> 112 | H31: =VLOOKUP($A31, 'course_coordinates (1)'!$A$2:$D$145, 4, FALSE) -> 42.582209 | I31: =VLOOKUP($A31, 'course_coordinates (1)'!$A$2:$G$145, 5, FALSE) -> -82.942197
A32: Fieldstone Golf Club | B32: Fieldstone | C32: =VLOOKUP($B32, 'Main Data'!$B$2:$Z$131, 2, FALSE) -> Auburn Hills | D32: =VLOOKUP(B32, County!$A$2:$B$131, 2, FALSE) -> Oakland | E32: =VLOOKUP($B32, 'Main Data'!$B$2:$Z$131, 4, FALSE) -> Public | F32: =VLOOKUP(A32,'Google Ratings'!$A$2:$B$128, 2, FALSE) -> 3.9 | G32: =VLOOKUP($A32, 'Slope Ratings'!$A$2:$D$150, 3, FALSE) -> 134 | H32: =VLOOKUP($A32, 'course_coordinates (1)'!$A$2:$D$145, 4, FALSE) -> 42.688153 | I32: =VLOOKUP($A32, 'course_coordinates (1)'!$A$2:$G$145, 5, FALSE) -> -83.25631
A33: Forest Lake Country Club | B33: Forest Lake | C33: =VLOOKUP($B33, 'Main Data'!$B$2:$Z$131, 2, FALSE) -> Bloomfield Township | D33: =VLOOKUP(B33, County!$A$2:$B$131, 2, FALSE) -> Oakland | E33: =VLOOKUP($B33, 'Main Data'!$B$2:$Z$131, 4, FALSE) -> Private | F33: =VLOOKUP(A33,'Google Ratings'!$A$2:$B$128, 2, FALSE) -> 4.6 | G33: =VLOOKUP($A33, 'Slope Ratings'!$A$2:$D$150, 3, FALSE) -> 132 | H33: =VLOOKUP($A33, 'course_coordinates (1)'!$A$2:$D$145, 4, FALSE) -> 42.596914 | I33: =VLOOKUP($A33, 'course_coordinates (1)'!$A$2:$G$145, 5, FALSE) -> -83.297174
A34: Fountains Golf & Banquet | B34: Fountains | C34: =VLOOKUP($B34, 'Main Data'!$B$2:$Z$131, 2, FALSE) -> Village of Clarkston | D34: =VLOOKUP(B34, County!$A$2:$B$131, 2, FALSE) -> Oakland | E34: =VLOOKUP($B34, 'Main Data'!$B$2:$Z$131, 4, FALSE) -> Public | F34: =VLOOKUP(A34,'Google Ratings'!$A$2:$B$128, 2, FALSE) -> 4.4 | G34: =VLOOKUP($A34, 'Slope Ratings'!$A$2:$D$150, 3, FALSE) -> 119 | H34: =VLOOKUP($A34, 'course_coordinates (1)'!$A$2:$D$145, 4, FALSE) -> 42.719551 | I34: =VLOOKUP($A34, 'course_coordinates (1)'!$A$2:$G$145, 5, FALSE) -> -83.390629
A35: Fox Creek Golf Course | B35: Fox Creek | C35: =VLOOKUP($B35, 'Main Data'!$B$2:$Z$131, 2, FALSE) -> Livonia | D35: =VLOOKUP(B35, County!$A$2:$B$131, 2, FALSE) -> Wayne | E35: =VLOOKUP($B35, 'Main Data'!$B$2:$Z$131, 4, FALSE) -> Public | F35: =VLOOKUP(A35,'Google Ratings'!$A$2:$B$128, 2, FALSE) -> 4.4 | G35: =VLOOKUP($A35, 'Slope Ratings'!$A$2:$D$150, 3, FALSE) -> 118 | H35: =VLOOKUP($A35, 'course_coordinates (1)'!$A$2:$D$145, 4, FALSE) -> 42.427213 | I35: =VLOOKUP($A35, 'course_coordinates (1)'!$A$2:$G$145, 5, FALSE) -> -83.398248
A36: Fox Hills Golf & Banquet Center | B36: Fox Hills | C36: =VLOOKUP($B36, 'Main Data'!$B$2:$Z$131, 2, FALSE) -> Plymouth | D36: =VLOOKUP(B36, County!$A$2:$B$131, 2, FALSE) -> Wayne | E36: =VLOOKUP($B36, 'Main Data'!$B$2:$Z$131, 4, FALSE) -> Public | F36: =VLOOKUP(A36,'Google Ratings'!$A$2:$B$128, 2, FALSE) -> 4.6 | G36: =VLOOKUP($A36, 'Slope Ratings'!$A$2:$D$150, 3, FALSE) -> 125 | H36: =VLOOKUP($A36, 'course_coordinates (1)'!$A$2:$D$145, 4, FALSE) -> 42.362859 | I36: =VLOOKUP($A36, 'course_coordinates (1)'!$A$2:$G$145, 5, FALSE) -> -83.593107
... A38: Gateway Golf Club | B38: Gateway | C38: =VLOOKUP($B38, 'Main Data'!$B$2:$Z$131, 2, FALSE) -> Romulus | D38: =VLOOKUP(B38, County!$A$2:$B$131, 2, FALSE) -> Wayne | E38: =VLOOKUP($B38, 'Main Data'!$B$2:$Z$131, 4, FALSE) -> Public | F38: =VLOOKUP(A38,'Google Ratings'!$A$2:$B$128, 2, FALSE) -> 4.2 | G38: =VLOOKUP($A38, 'Slope Ratings'!$A$2:$D$150, 3, FALSE) -> 128 | H38: =VLOOKUP($A38, 'course_coordinates (1)'!$A$2:$D$145, 4, FALSE) -> 42.266574 | I38: =VLOOKUP($A38, 'course_coordinates (1)'!$A$2:$G$145, 5, FALSE) -> -83.363128
A39: Glacier Club | B39: Glacier Club | C39: =VLOOKUP($B39, 'Main Data'!$B$2:$Z$131, 2, FALSE) -> Washington | D39: =VLOOKUP(B39, County!$A$2:$B$131, 2, FALSE) -> Macomb | E39: =VLOOKUP($B39, 'Main Data'!$B$2:$Z$131, 4, FALSE) -> Public | F39: =VLOOKUP(A39,'Google Ratings'!$A$2:$B$128, 2, FALSE) -> 0 | G39: 126 | H39: =VLOOKUP($A39, 'course_coordinates (1)'!$A$2:$D$145, 4, FALSE) -> 42.735314 | I39: =VLOOKUP($A39, 'course_coordinates (1)'!$A$2:$G$145, 5, FALSE) -> -83.038512
A40: Glen Oaks Golf Course | B40: Glen Oaks | C40: =VLOOKUP($B40, 'Main Data'!$B$2:$Z$131, 2, FALSE) -> Farmington Hills | D40: =VLOOKUP(B40, County!$A$2:$B$131, 2, FALSE) -> Oakland | E40: =VLOOKUP($B40, 'Main Data'!$B$2:$Z$131, 4, FALSE) -> Public | F40: =VLOOKUP(A40,'Google Ratings'!$A$2:$B$128, 2, FALSE) -> 4.4 | G40: =VLOOKUP($A40, 'Slope Ratings'!$A$2:$D$150, 3, FALSE) -> 118 | H40: =VLOOKUP($A40, 'course_coordinates (1)'!$A$2:$D$145, 4, FALSE) -> 42.514367 | I40: =VLOOKUP($A40, 'course_coordinates (1)'!$A$2:$G$145, 5, FALSE) -> -83.352646
A41: Glenhurst Golf Course | B41: Glenhurst | C41: =VLOOKUP($B41, 'Main Data'!$B$2:$Z$131, 2, FALSE) -> Redford Township | D41: =VLOOKUP(B41, County!$A$2:$B$131, 2, FALSE) -> Wayne | E41: =VLOOKUP($B41, 'Main Data'!$B$2:$Z$131, 4, FALSE) -> Public | F41: =VLOOKUP(A41,'Google Ratings'!$A$2:$B$128, 2, FALSE) -> 4.3 | G41: =VLOOKUP($A41, 'Slope Ratings'!$A$2:$D$150, 3, FALSE) -> 109 | H41: =VLOOKUP($A41, 'course_coordinates (1)'!$A$2:$D$145, 4, FALSE) -> 42.41393 | I41: =VLOOKUP($A41, 'course_coordinates (1)'!$A$2:$G$145, 5, FALSE) -> -83.290976
A42: Gowanie Golf Club | B42: Gowanie | C42: =VLOOKUP($B42, 'Main Data'!$B$2:$Z$131, 2, FALSE) -> Harrison Township | D42: =VLOOKUP(B42, County!$A$2:$B$131, 2, FALSE) -> Macomb | E42: =VLOOKUP($B42, 'Main Data'!$B$2:$Z$131, 4, FALSE) -> Private | F42: =VLOOKUP(A42,'Google Ratings'!$A$2:$B$128, 2, FALSE) -> 4.7 | G42: =VLOOKUP($A42, 'Slope Ratings'!$A$2:$D$150, 3, FALSE) -> 124 | H42: =VLOOKUP($A42, 'course_coordinates (1)'!$A$2:$D$145, 4, FALSE) -> 42.589495 | I42: =VLOOKUP($A42, 'course_coordinates (1)'!$A$2:$G$145, 5, FALSE) -> -82.861244
A43: Great Oaks Country Club | B43: Great Oaks | C43: =VLOOKUP($B43, 'Main Data'!$B$2:$Z$131, 2, FALSE) -> Rochester Hills | D43: =VLOOKUP(B43, County!$A$2:$B$131, 2, FALSE) -> Oakland | E43: =VLOOKUP($B43, 'Main Data'!$B$2:$Z$131, 4, FALSE) -> Private | F43: =VLOOKUP(A43,'Google Ratings'!$A$2:$B$128, 2, FALSE) -> 4.6 | G43: =VLOOKUP($A43, 'Slope Ratings'!$A$2:$D$150, 3, FALSE) -> 131 | H43: =VLOOKUP($A43, 'course_coordinates (1)'!$A$2:$D$145, 4, FALSE) -> 42.685237 | I43: =VLOOKUP($A43, 'course_coordinates (1)'!$A$2:$G$145, 5, FALSE) -> -83.149237
A44: Greystone Golf Club | B44: Greystone | C44: =VLOOKUP($B44, 'Main Data'!$B$2:$Z$131, 2, FALSE) -> Washington | D44: =VLOOKUP(B44, County!$A$2:$B$131, 2, FALSE) -> Macomb | E44: =VLOOKUP($B44, 'Main Data'!$B$2:$Z$131, 4, FALSE) -> Public | F44: =VLOOKUP(A44,'Google Ratings'!$A$2:$B$128, 2, FALSE) -> 4.4 | G44: =VLOOKUP($A44, 'Slope Ratings'!$A$2:$D$150, 3, FALSE) -> 139 | H44: =VLOOKUP($A44, 'course_coordinates (1)'!$A$2:$D$145, 4, FALSE) -> 42.792332 | I44: =VLOOKUP($A44, 'course_coordinates (1)'!$A$2:$G$145, 5, FALSE) -> -83.057266
A45: Grosse Ile Golf & Country Club | B45: Grosse Ile | C45: =VLOOKUP($B45, 'Main Data'!$B$2:$Z$131, 2, FALSE) -> Grosse Ile Township | D45: =VLOOKUP(B45, County!$A$2:$B$131, 2, FALSE) -> Wayne | E45: =VLOOKUP($B45, 'Main Data'!$B$2:$Z$131, 4, FALSE) -> Public | F45: =VLOOKUP(A45,'Google Ratings'!$A$2:$B$128, 2, FALSE) -> 4.6 | G45: =VLOOKUP($A45, 'Slope Ratings'!$A$2:$D$150, 3, FALSE) -> 127 | H45: =VLOOKUP($A45, 'course_coordinates (1)'!$A$2:$D$145, 4, FALSE) -> 42.125565 | I45: =VLOOKUP($A45, 'course_coordinates (1)'!$A$2:$G$145, 5, FALSE) -> -83.161568
A46: Grosse Pointe Club (Little Club) | B46: Grosse Pointe | C46: =VLOOKUP($B46, 'Main Data'!$B$2:$Z$131, 2, FALSE) -> Grosse Pointe Farms | D46: =VLOOKUP(B46, County!$A$2:$B$131, 2, FALSE) -> Wayne | E46: =VLOOKUP($B46, 'Main Data'!$B$2:$Z$131, 4, FALSE) -> Private | F46: =VLOOKUP(A46,'Google Ratings'!$A$2:$B$128, 2, FALSE) -> 4.5 | G46: =VLOOKUP($A46, 'Slope Ratings'!$A$2:$D$150, 3, FALSE) -> 105 | H46: =VLOOKUP($A46, 'course_coordinates (1)'!$A$2:$D$145, 4, FALSE) -> 42.385981 | I46: =VLOOKUP($A46, 'course_coordinates (1)'!$A$2:$G$145, 5, FALSE) -> -82.898042
A47: Heather Highlands Golf Club | B47: Heather Highlands | C47: =VLOOKUP($B47, 'Main Data'!$B$2:$Z$131, 2, FALSE) -> Holly | D47: =VLOOKUP(B47, County!$A$2:$B$131, 2, FALSE) -> Oakland | E47: =VLOOKUP($B47, 'Main Data'!$B$2:$Z$131, 4, FALSE) -> Public | F47: =VLOOKUP(A47,'Google Ratings'!$A$2:$B$128, 2, FALSE) -> 2.8 | G47: =VLOOKUP($A47, 'Slope Ratings'!$A$2:$D$150, 3, FALSE) -> 124 | H47: =VLOOKUP($A47, 'course_coordinates (1)'!$A$2:$D$145, 4, FALSE) -> 42.778807 | I47: =VLOOKUP($A47, 'course_coordinates (1)'!$A$2:$G$145, 5, FALSE) -> -83.517702
A48: Heather Hills Golf Club | B48: Heather Hills | C48: =VLOOKUP($B48, 'Main Data'!$B$2:$Z$131, 2, FALSE) -> Bruce Township | D48: =VLOOKUP(B48, County!$A$2:$B$131, 2, FALSE) -> Macomb | E48: =VLOOKUP($B48, 'Main Data'!$B$2:$Z$131, 4, FALSE) -> Public | F48: =VLOOKUP(A48,'Google Ratings'!$A$2:$B$128, 2, FALSE) -> 4.5 | G48: =VLOOKUP($A48, 'Slope Ratings'!$A$2:$D$150, 3, FALSE) -> 113 | H48: =VLOOKUP($A48, 'course_coordinates (1)'!$A$2:$D$145, 4, FALSE) -> 42.880275 | I48: =VLOOKUP($A48, 'course_coordinates (1)'!$A$2:$G$145, 5, FALSE) -> -83.090995
A49: Heathers Club of Bloomfield | B49: Heathers Club | C49: =VLOOKUP($B49, 'Main Data'!$B$2:$Z$131, 2, FALSE) -> Bloomfield Hills | D49: =VLOOKUP(B49, County!$A$2:$B$131, 2, FALSE) -> Oakland | E49: =VLOOKUP($B49, 'Main Data'!$B$2:$Z$131, 4, FALSE) -> Private | F49: =VLOOKUP(A49,'Google Ratings'!$A$2:$B$128, 2, FALSE) -> 4.6 | G49: =VLOOKUP($A49, 'Slope Ratings'!$A$2:$D$150, 3, FALSE) -> 123 | H49: =VLOOKUP($A49, 'course_coordinates (1)'!$A$2:$D$145, 4, FALSE) -> 42.608721 | I49: =VLOOKUP($A49, 'course_coordinates (1)'!$A$2:$G$145, 5, FALSE) -> -83.2319
A50: Hickory Hill Golf Course | B50: Hickory Hill | C50: =VLOOKUP($B50, 'Main Data'!$B$2:$Z$131, 2, FALSE) -> Wixom | D50: =VLOOKUP(B50, County!$A$2:$B$131, 2, FALSE) -> Oakland | E50: =VLOOKUP($B50, 'Main Data'!$B$2:$Z$131, 4, FALSE) -> Public | F50: =VLOOKUP(A50,'Google Ratings'!$A$2:$B$128, 2, FALSE) -> 4 | G50: =VLOOKUP($A50, 'Slope Ratings'!$A$2:$D$150, 3, FALSE) -> 113 | H50: =VLOOKUP($A50, 'course_coordinates (1)'!$A$2:$D$145, 4, FALSE) -> 42.555315 | I50: =VLOOKUP($A50, 'course_coordinates (1)'!$A$2:$G$145, 5, FALSE) -> -83.522942
A51: Hickory Hollow Golf Club | B51: Hickory Hollow | C51: =VLOOKUP($B51, 'Main Data'!$B$2:$Z$131, 2, FALSE) -> Macomb | D51: =VLOOKUP(B51, County!$A$2:$B$131, 2, FALSE) -> Macomb | E51: =VLOOKUP($B51, 'Main Data'!$B$2:$Z$131, 4, FALSE) -> Public | F51: =VLOOKUP(A51,'Google Ratings'!$A$2:$B$128, 2, FALSE) -> 4.1 | G51: =VLOOKUP($A51, 'Slope Ratings'!$A$2:$D$150, 3, FALSE) -> 114 | H51: =VLOOKUP($A51, 'course_coordinates (1)'!$A$2:$D$145, 4, FALSE) -> 42.660102 | I51: =VLOOKUP($A51, 'course_coordinates (1)'!$A$2:$G$145, 5, FALSE) -> -82.878159
... A88: Rackham Golf Course | B88: Rackham | C88: =VLOOKUP($B88, 'Main Data'!$B$2:$Z$131, 2, FALSE) -> Huntington Woods | D88: =VLOOKUP(B88, County!$A$2:$B$131, 2, FALSE) -> Oakland | E88: =VLOOKUP($B88, 'Main Data'!$B$2:$Z$131, 4, FALSE) -> Public | F88: =VLOOKUP(A88,'Google Ratings'!$A$2:$B$128, 2, FALSE) -> 3.8 | G88: =VLOOKUP($A88, 'Slope Ratings'!$A$2:$D$150, 3, FALSE) -> 115 | H88: =VLOOKUP($A88, 'course_coordinates (1)'!$A$2:$D$145, 4, FALSE) -> 42.476184 | I88: =VLOOKUP($A88, 'course_coordinates (1)'!$A$2:$G$145, 5, FALSE) -> -83.163585
A89: Rammler Golf Club | B89: Rammler | C89: =VLOOKUP($B89, 'Main Data'!$B$2:$Z$131, 2, FALSE) -> Sterling Heights | D89: =VLOOKUP(B89, County!$A$2:$B$131, 2, FALSE) -> Macomb | E89: =VLOOKUP($B89, 'Main Data'!$B$2:$Z$131, 4, FALSE) -> Public | F89: =VLOOKUP(A89,'Google Ratings'!$A$2:$B$128, 2, FALSE) -> 4 | G89: 116 | H89: =VLOOKUP($A89, 'course_coordinates (1)'!$A$2:$D$145, 4, FALSE) -> 42.57848 | I89: =VLOOKUP($A89, 'course_coordinates (1)'!$A$2:$G$145, 5, FALSE) -> -82.986638
A90: Red Oaks Golf Course | B90: Red Oaks | C90: =VLOOKUP($B90, 'Main Data'!$B$2:$Z$131, 2, FALSE) -> Madison Heights | D90: =VLOOKUP(B90, County!$A$2:$B$131, 2, FALSE) -> Oakland | E90: =VLOOKUP($B90, 'Main Data'!$B$2:$Z$131, 4, FALSE) -> Public | F90: =VLOOKUP(A90,'Google Ratings'!$A$2:$B$128, 2, FALSE) -> 4.3 | G90: =VLOOKUP($A90, 'Slope Ratings'!$A$2:$D$150, 3, FALSE) -> 103 | H90: =VLOOKUP($A90, 'course_coordinates (1)'!$A$2:$D$145, 4, FALSE) -> 42.509387 | I90: =VLOOKUP($A90, 'course_coordinates (1)'!$A$2:$G$145, 5, FALSE) -> -83.105302
A91: Red Run Golf Club | B91: Red Run | C91: =VLOOKUP($B91, 'Main Data'!$B$2:$Z$131, 2, FALSE) -> Royal Oak | D91: =VLOOKUP(B91, County!$A$2:$B$131, 2, FALSE) -> Oakland | E91: =VLOOKUP($B91, 'Main Data'!$B$2:$Z$131, 4, FALSE) -> Private | F91: =VLOOKUP(A91,'Google Ratings'!$A$2:$B$128, 2, FALSE) -> 4.6 | G91: =VLOOKUP($A91, 'Slope Ratings'!$A$2:$D$150, 3, FALSE) -> 128 | H91: =VLOOKUP($A91, 'course_coordinates (1)'!$A$2:$D$145, 4, FALSE) -> 42.50678 | I91: =VLOOKUP($A91, 'course_coordinates (1)'!$A$2:$G$145, 5, FALSE) -> -83.142343
A92: Riverview Highlands Golf Course | B92: Riverview Highlands | C92: =VLOOKUP($B92, 'Main Data'!$B$2:$Z$131, 2, FALSE) -> Riverview | D92: =VLOOKUP(B92, County!$A$2:$B$131, 2, FALSE) -> Wayne | E92: =VLOOKUP($B92, 'Main Data'!$B$2:$Z$131, 4, FALSE) -> Public | F92: =VLOOKUP(A92,'Google Ratings'!$A$2:$B$128, 2, FALSE) -> 4 | G92: =VLOOKUP($A92, 'Slope Ratings'!$A$2:$D$150, 3, FALSE) -> 118 | H92: =VLOOKUP($A92, 'course_coordinates (1)'!$A$2:$D$145, 4, FALSE) -> 42.167704 | I92: =VLOOKUP($A92, 'course_coordinates (1)'!$A$2:$G$145, 5, FALSE) -> -83.205146
A93: Rouge Park Golf Course | B93: Rouge Park | C93: =VLOOKUP($B93, 'Main Data'!$B$2:$Z$131, 2, FALSE) -> Detroit | D93: =VLOOKUP(B93, County!$A$2:$B$131, 2, FALSE) -> Wayne | E93: =VLOOKUP($B93, 'Main Data'!$B$2:$Z$131, 4, FALSE) -> Public | F93: =VLOOKUP(A93,'Google Ratings'!$A$2:$B$128, 2, FALSE) -> 4.2 | G93: =VLOOKUP($A93, 'Slope Ratings'!$A$2:$D$150, 3, FALSE) -> 112 | H93: =VLOOKUP($A93, 'course_coordinates (1)'!$A$2:$D$145, 4, FALSE) -> 42.373478 | I93: =VLOOKUP($A93, 'course_coordinates (1)'!$A$2:$G$145, 5, FALSE) -> -83.247219
A94: Royal Oak Golf Course | B94: Royal Oak | C94: =VLOOKUP($B94, 'Main Data'!$B$2:$Z$131, 2, FALSE) -> Royal Oak | D94: =VLOOKUP(B94, County!$A$2:$B$131, 2, FALSE) -> Oakland | E94: =VLOOKUP($B94, 'Main Data'!$B$2:$Z$131, 4, FALSE) -> Public | F94: =VLOOKUP(A94,'Google Ratings'!$A$2:$B$128, 2, FALSE) -> 3.5 | G94: =VLOOKUP($A94, 'Slope Ratings'!$A$2:$D$150, 3, FALSE) -> 110 | H94: =VLOOKUP($A94, 'course_coordinates (1)'!$A$2:$D$145, 4, FALSE) -> 42.519022 | I94: =VLOOKUP($A94, 'course_coordinates (1)'!$A$2:$G$145, 5, FALSE) -> -83.17853
A95: Salem Hills Golf Club | B95: Salem Hills | C95: =VLOOKUP($B95, 'Main Data'!$B$2:$Z$131, 2, FALSE) -> Northville | D95: =VLOOKUP(B95, County!$A$2:$B$131, 2, FALSE) -> Wayne | E95: =VLOOKUP($B95, 'Main Data'!$B$2:$Z$131, 4, FALSE) -> Public | F95: =VLOOKUP(A95,'Google Ratings'!$A$2:$B$128, 2, FALSE) -> 4.2 | G95: =VLOOKUP($A95, 'Slope Ratings'!$A$2:$D$150, 3, FALSE) -> 124 | H95: =VLOOKUP($A95, 'course_coordinates (1)'!$A$2:$D$145, 4, FALSE) -> 42.40484 | I95: =VLOOKUP($A95, 'course_coordinates (1)'!$A$2:$G$145, 5, FALSE) -> -83.591614
A96: Sanctuary Lake Golf Course | B96: Sanctuary Lake | C96: =VLOOKUP($B96, 'Main Data'!$B$2:$Z$131, 2, FALSE) -> Troy | D96: =VLOOKUP(B96, County!$A$2:$B$131, 2, FALSE) -> Oakland | E96: =VLOOKUP($B96, 'Main Data'!$B$2:$Z$131, 4, FALSE) -> Public | F96: =VLOOKUP(A96,'Google Ratings'!$A$2:$B$128, 2, FALSE) -> 3.9 | G96: =VLOOKUP($A96, 'Slope Ratings'!$A$2:$D$150, 3, FALSE) -> 123 | H96: =VLOOKUP($A96, 'course_coordinates (1)'!$A$2:$D$145, 4, FALSE) -> 42.623659 | I96: =VLOOKUP($A96, 'course_coordinates (1)'!$A$2:$G$145, 5, FALSE) -> -83.103786
A97: Selfridge Golf Course | B97: Shenandoah | C97: =VLOOKUP($B97, 'Main Data'!$B$2:$Z$131, 2, FALSE) -> West Bloomfield Township | D97: =VLOOKUP(B97, County!$A$2:$B$131, 2, FALSE) -> Oakland | E97: =VLOOKUP($B97, 'Main Data'!$B$2:$Z$131, 4, FALSE) -> Private | F97: =VLOOKUP(A97,'Google Ratings'!$A$2:$B$128, 2, FALSE) -> 4.5 | G97: =VLOOKUP($A97, 'Slope Ratings'!$A$2:$D$150, 3, FALSE) -> 122 | H97: =VLOOKUP($A97, 'course_coordinates (1)'!$A$2:$D$145, 4, FALSE) -> 42.601828 | I97: =VLOOKUP($A97, 'course_coordinates (1)'!$A$2:$G$145, 5, FALSE) -> -82.809727
A98: Shenandoah Country Club | B98: Shepherd's Hollow | C98: =VLOOKUP($B98, 'Main Data'!$B$2:$Z$131, 2, FALSE) -> Village of Clarkston | D98: =VLOOKUP(B98, County!$A$2:$B$131, 2, FALSE) -> Oakland | E98: =VLOOKUP($B98, 'Main Data'!$B$2:$Z$131, 4, FALSE) -> Public | F98: =VLOOKUP(A98,'Google Ratings'!$A$2:$B$128, 2, FALSE) -> 4.4 | G98: =VLOOKUP($A98, 'Slope Ratings'!$A$2:$D$150, 3, FALSE) -> 131 | H98: =VLOOKUP($A98, 'course_coordinates (1)'!$A$2:$D$145, 4, FALSE) -> 42.557175 | I98: =VLOOKUP($A98, 'course_coordinates (1)'!$A$2:$G$145, 5, FALSE) -> -83.397873
A99: Shepherd's Hollow Golf Club | B99: Silver Lake | C99: =VLOOKUP($B99, 'Main Data'!$B$2:$Z$131, 2, FALSE) -> Waterford Township | D99: =VLOOKUP(B99, County!$A$2:$B$131, 2, FALSE) -> Oakland | E99: =VLOOKUP($B99, 'Main Data'!$B$2:$Z$131, 4, FALSE) -> Public | F99: =VLOOKUP(A99,'Google Ratings'!$A$2:$B$128, 2, FALSE) -> 4.3 | G99: =VLOOKUP($A99, 'Slope Ratings'!$A$2:$D$150, 3, FALSE) -> 138 | H99: =VLOOKUP($A99, 'course_coordinates (1)'!$A$2:$D$145, 4, FALSE) -> 42.729553 | I99: =VLOOKUP($A99, 'course_coordinates (1)'!$A$2:$G$145, 5, FALSE) -> -83.464305
A100: Silver Lake Golf Club | B100: Somerset | C100: =VLOOKUP($B100, 'Main Data'!$B$2:$Z$131, 2, FALSE) -> Troy | D100: =VLOOKUP(B100, County!$A$2:$B$131, 2, FALSE) -> Oakland | E100: =VLOOKUP($B100, 'Main Data'!$B$2:$Z$131, 4, FALSE) -> Public | F100: =VLOOKUP(A100,'Google Ratings'!$A$2:$B$128, 2, FALSE) -> 3.9 | G100: =VLOOKUP($A100, 'Slope Ratings'!$A$2:$D$150, 3, FALSE) -> 108 | H100: =VLOOKUP($A100, 'course_coordinates (1)'!$A$2:$D$145, 4, FALSE) -> 42.682091 | I100: =VLOOKUP($A100, 'course_coordinates (1)'!$A$2:$G$145, 5, FALSE) -> -83.338668
A101: Somerset Golf Club | B101: SouthWinds | C101: =VLOOKUP($B101, 'Main Data'!$B$2:$Z$131, 2, FALSE) -> Southgate | D101: =VLOOKUP(B101, County!$A$2:$B$131, 2, FALSE) -> Wayne | E101: =VLOOKUP($B101, 'Main Data'!$B$2:$Z$131, 4, FALSE) -> Public | F101: =VLOOKUP(A101,'Google Ratings'!$A$2:$B$128, 2, FALSE) -> 3.6 | G101: =VLOOKUP($A101, 'Slope Ratings'!$A$2:$D$150, 3, FALSE) -> 107 | H101: =VLOOKUP($A101, 'course_coordinates (1)'!$A$2:$D$145, 4, FALSE) -> 42.558334 | I101: =VLOOKUP($A101, 'course_coordinates (1)'!$A$2:$G$145, 5, FALSE) -> -83.180168
... A128: Wyandotte Shores Golf Course | B128: Wyandotte Shores | C128: =VLOOKUP($B128, 'Main Data'!$B$2:$Z$131, 2, FALSE) -> Wyandotte | D128: =VLOOKUP(B128, County!$A$2:$B$131, 2, FALSE) -> Wayne | E128: =VLOOKUP($B128, 'Main Data'!$B$2:$Z$131, 4, FALSE) -> Public | F128: =VLOOKUP(A128,'Google Ratings'!$A$2:$B$128, 2, FALSE) -> 4.4 | G128: =VLOOKUP($A128, 'Slope Ratings'!$A$2:$D$150, 3, FALSE) -> 108 | H128: =VLOOKUP($A128, 'course_coordinates (1)'!$A$2:$D$145, 4, FALSE) -> 42.195953 | I128: =VLOOKUP($A128, 'course_coordinates (1)'!$A$2:$G$145, 5, FALSE) -> -83.151558

Sheet Main Data
A1: # | B1: Golf Course | C1: city | D1: county | E1: type (provisional) | F1: google_rating | G1: Slope Rating | H1: google_reviews | I1: year_built | J1: latitude | K1: longitude | L1: latitude | M1: longitude | N1: Lookup
A2: 23 | B2: Bay Pointe | C2: West Bloomfield Township | D2: Oakland | E2: Public | F2: 3.9 | G2: =VLOOKUP(B2, 'Slope Ratings'!$A$2:$C$147, 2, TRUE) -> #N/A | H2: 211 | J2: 42.436413 | K2: -82.894256 | L2: =INDEX('course_coordinates (1)'!$D$2:$D$145,MATCH('Main Data'!N64,'course_coordinates (1)'!$A$2:$A$145,0)) -> 42.436413 | M2: =INDEX('course_coordinates (1)'!$E$2:$E$145,MATCH('Main Data'!N64,'course_coordinates (1)'!$A$2:$A$145,0)) -> -82.894256 | N2: Bay Pointe Golf Club
A3: 24 | B3: Beacon Hill | C3: Commerce Township | D3: Oakland | E3: Public | F3: 4.3 | G3: =VLOOKUP(B3, 'Slope Ratings'!$A$2:$C$147, 2, TRUE) -> #N/A | H3: 283 | J3: 42.543896 | K3: -83.277687 | L3: =INDEX('course_coordinates (1)'!$D$2:$D$145,MATCH('Main Data'!N75,'course_coordinates (1)'!$A$2:$A$145,0)) -> 42.543896 | M3: =INDEX('course_coordinates (1)'!$E$2:$E$145,MATCH('Main Data'!N75,'course_coordinates (1)'!$A$2:$A$145,0)) -> -83.277687 | N3: Beacon Hill Golf Club
A4: 82 | B4: Bee Tee | C4: Macomb | D4: Macomb | E4: Public | F4: 3.7 | G4: =VLOOKUP(B4, 'Slope Ratings'!$A$2:$C$147, 2, TRUE) -> #N/A | H4: 231 | J4: 42.589848 | K4: -83.450099 | L4: =INDEX('course_coordinates (1)'!$D$2:$D$145,MATCH('Main Data'!N23,'course_coordinates (1)'!$A$2:$A$145,0)) -> 42.589848 | M4: =INDEX('course_coordinates (1)'!$E$2:$E$145,MATCH('Main Data'!N23,'course_coordinates (1)'!$A$2:$A$145,0)) -> -83.450099 | N4: Bee Tee Golf Course
A5: 25 | B5: Bello Woods | C5: Macomb | D5: Macomb | E5: Public | F5: 3.9 | G5: =VLOOKUP(B5, 'Slope Ratings'!$A$2:$C$147, 2, TRUE) -> #N/A | H5: 401 | J5: 42.596914 | K5: -83.297174 | L5: =INDEX('course_coordinates (1)'!$D$2:$D$145,MATCH('Main Data'!N29,'course_coordinates (1)'!$A$2:$A$145,0)) -> 42.596914 | M5: =INDEX('course_coordinates (1)'!$E$2:$E$145,MATCH('Main Data'!N29,'course_coordinates (1)'!$A$2:$A$145,0)) -> -83.297174 | N5: Blackheath Golf Club
A6: 122 | B6: Birmingham CC | C6: Birmingham | D6: Oakland | E6: Private | F6: 4.7 | G6: =VLOOKUP(B6, 'Slope Ratings'!$A$2:$C$147, 2, TRUE) -> 121 | H6: 178 | J6: 42.608393 | K6: -83.532568 | L6: =INDEX('course_coordinates (1)'!$D$2:$D$145,MATCH('Main Data'!N3,'course_coordinates (1)'!$A$2:$A$145,0)) -> 42.608393 | M6: =INDEX('course_coordinates (1)'!$E$2:$E$145,MATCH('Main Data'!N3,'course_coordinates (1)'!$A$2:$A$145,0)) -> -83.532568 | N6: Bloomfield Hills Country Club
A7: 26 | B7: Blackheath | C7: Oakland Township | D7: Oakland | E7: Public | F7: 3.7 | G7: =VLOOKUP(B7, 'Slope Ratings'!$A$2:$C$147, 2, TRUE) -> 121 | H7: 377 | J7: 42.295347 | K7: -83.498548 | L7: =INDEX('course_coordinates (1)'!$D$2:$D$145,MATCH('Main Data'!N79,'course_coordinates (1)'!$A$2:$A$145,0)) -> 42.295347 | M7: =INDEX('course_coordinates (1)'!$E$2:$E$145,MATCH('Main Data'!N79,'course_coordinates (1)'!$A$2:$A$145,0)) -> -83.498548 | N7: Boulder Pointe Golf Club
A8: 74 | B8: Bloomfield Hills CC | C8: Bloomfield Hills | D8: Oakland | E8: Private | F8: 4.4 | G8: =VLOOKUP(B8, 'Slope Ratings'!$A$2:$C$147, 2, TRUE) -> 121 | H8: 121 | I8: 1913 | J8: 42.751564 | K8: -83.134468 | L8: =INDEX('course_coordinates (1)'!$D$2:$D$145,MATCH('Main Data'!N5,'course_coordinates (1)'!$A$2:$A$145,0)) -> 42.751564 | M8: =INDEX('course_coordinates (1)'!$E$2:$E$145,MATCH('Main Data'!N5,'course_coordinates (1)'!$A$2:$A$145,0)) -> -83.134468 | N8: Brae Burn Golf Club
A9: 27 | B9: Boulder Pointe | C9: Oxford | D9: Oakland | E9: Public | F9: 4.3 | G9: =VLOOKUP(B9, 'Slope Ratings'!$A$2:$C$147, 2, TRUE) -> 121 | H9: 502 | J9: 42.476184 | K9: -83.163585 | L9: =INDEX('course_coordinates (1)'!$D$2:$D$145,MATCH('Main Data'!N88,'course_coordinates (1)'!$A$2:$A$145,0)) -> 42.476184 | M9: =INDEX('course_coordinates (1)'!$E$2:$E$145,MATCH('Main Data'!N88,'course_coordinates (1)'!$A$2:$A$145,0)) -> -83.163585 | N9: Brentwood Golf Club
A10: 119 | B10: Brae Burn | C10: Plymouth Township | D10: Wayne | E10: Public | F10: 3.7 | G10: =VLOOKUP(B10, 'Slope Ratings'!$A$2:$C$147, 2, TRUE) -> 121 | H10: 243 | J10: 42.582906 | K10: -83.252639 | L10: =INDEX('course_coordinates (1)'!$D$2:$D$145,MATCH('Main Data'!N6,'course_coordinates (1)'!$A$2:$A$145,0)) -> 42.582906 | M10: =INDEX('course_coordinates (1)'!$E$2:$E$145,MATCH('Main Data'!N6,'course_coordinates (1)'!$A$2:$A$145,0)) -> -83.252639 | N10: Brookside Golf Course-Saline
A11: 66 | B11: Brentwood | C11: White Lake | D11: Oakland | E11: Public | F11: 4.1 | G11: =VLOOKUP(B11, 'Slope Ratings'!$A$2:$C$147, 2, TRUE) -> 121 | H11: 214 | J11: 42.473851 | K11: -83.568365 | L11: =INDEX('course_coordinates (1)'!$D$2:$D$145,MATCH('Main Data'!N117,'course_coordinates (1)'!$A$2:$A$145,0)) -> 42.473851 | M11: =INDEX('course_coordinates (1)'!$E$2:$E$145,MATCH('Main Data'!N117,'course_coordinates (1)'!$A$2:$A$145,0)) -> -83.568365 | N11: Bushwood Golf Course
A12: 1 | B12: Brookwood | C12: Rochester Hills | D12: Oakland | E12: Private | F12: 4.6 | G12: =VLOOKUP(B12, 'Slope Ratings'!$A$2:$C$147, 2, TRUE) -> 121 | H12: 52 | J12: 42.745893 | K12: -83.530674 | L12: =INDEX('course_coordinates (1)'!$D$2:$D$145,MATCH('Main Data'!N104,'course_coordinates (1)'!$A$2:$A$145,0)) -> 42.745893 | M12: =INDEX('course_coordinates (1)'!$E$2:$E$145,MATCH('Main Data'!N104,'course_coordinates (1)'!$A$2:$A$145,0)) -> -83.530674 | N12: Cedar Glen Golf and Outing
A13: 104 | B13: Bruce Hills | C13: Bruce Township | D13: Macomb | E13: Public | F13: 3.9 | G13: =VLOOKUP(B13, 'Slope Ratings'!$A$2:$C$147, 2, TRUE) -> 121 | H13: 187 | J13: 42.51959 | K13: -83.323322 | L13: =INDEX('course_coordinates (1)'!$D$2:$D$145,MATCH('Main Data'!N33,'course_coordinates (1)'!$A$2:$A$145,0)) -> 42.51959 | M13: =INDEX('course_coordinates (1)'!$E$2:$E$145,MATCH('Main Data'!N33,'course_coordinates (1)'!$A$2:$A$145,0)) -> -83.323322 | N13: Chandler Park Golf Course
A14: 93 | B14: Bushwood | C14: Northville | D14: Wayne* | E14: Public | F14: 4.3 | G14: =VLOOKUP(B14, 'Slope Ratings'!$A$2:$C$147, 2, TRUE) -> 117 | H14: 113 | J14: 42.806509 | K14: -83.244294 | L14: =INDEX('course_coordinates (1)'!$D$2:$D$145,MATCH('Main Data'!N77,'course_coordinates (1)'!$A$2:$A$145,0)) -> 42.806509 | M14: =INDEX('course_coordinates (1)'!$E$2:$E$145,MATCH('Main Data'!N77,'course_coordinates (1)'!$A$2:$A$145,0)) -> -83.244294 | N14: Copper Creek Golf Course
A15: 28 | B15: Cedar Glen | C15: New Baltimore | D15: Macomb | E15: Public | F15: 3.7 | G15: =VLOOKUP(B15, 'Slope Ratings'!$A$2:$C$147, 2, TRUE) -> 117 | H15: 285 | J15: 42.735314 | K15: -83.038512 | L15: =INDEX('course_coordinates (1)'!$D$2:$D$145,MATCH('Main Data'!N35,'course_coordinates (1)'!$A$2:$A$145,0)) -> 42.735314 | M15: =INDEX('course_coordinates (1)'!$E$2:$E$145,MATCH('Main Data'!N35,'course_coordinates (1)'!$A$2:$A$145,0)) -> -83.038512 | N15: Copper Hills Golf Club
A16: 53 | B16: Chandler Park | C16: Detroit | D16: Wayne | E16: Public | F16: 4.2 | G16: =VLOOKUP(B16, 'Slope Ratings'!$A$2:$C$147, 2, TRUE) -> 124 | H16: 298 | J16: 42.302699 | K16: -83.725076 | L16: =INDEX('course_coordinates (1)'!$D$2:$D$145,MATCH('Main Data'!N60,'course_coordinates (1)'!$A$2:$A$145,0)) -> 42.302699 | M16: =INDEX('course_coordinates (1)'!$E$2:$E$145,MATCH('Main Data'!N60,'course_coordinates (1)'!$A$2:$A$145,0)) -> -83.725076 | N16: Country Club of Detroit
A17: 29 | B17: Cherry Creek | C17: Shelby Township | D17: Macomb | E17: Public | F17: 4.5 | G17: =VLOOKUP(B17, 'Slope Ratings'!$A$2:$C$147, 2, TRUE) -> 124 | H17: 1030 | J17: 42.685237 | K17: -83.149237 | L17: =INDEX('course_coordinates (1)'!$D$2:$D$145,MATCH('Main Data'!N40,'course_coordinates (1)'!$A$2:$A$145,0)) -> 42.685237 | M17: =INDEX('course_coordinates (1)'!$E$2:$E$145,MATCH('Main Data'!N40,'course_coordinates (1)'!$A$2:$A$145,0)) -> -83.149237 | N17: Coyote Golf Club
A18: 54 | B18: Copper Creek | C18: Farmington Hills | D18: Oakland | E18: Public | F18: 4.2 | G18: =VLOOKUP(B18, 'Slope Ratings'!$A$2:$C$147, 2, TRUE) -> 139 | H18: 205 | J18: 42.676976 | K18: -83.021367 | L18: =INDEX('course_coordinates (1)'!$D$2:$D$145,MATCH('Main Data'!N130,'course_coordinates (1)'!$A$2:$A$145,0)) -> 42.676976 | M18: =INDEX('course_coordinates (1)'!$E$2:$E$145,MATCH('Main Data'!N130,'course_coordinates (1)'!$A$2:$A$145,0)) -> -83.021367 | N18: Dearborn Country Club
A19: 67 | B19: Copper Hills | C19: Oxford | D19: Oakland | E19: Public | F19: 3.9 | G19: =VLOOKUP(B19, 'Slope Ratings'!$A$2:$C$147, 2, TRUE) -> 139 | H19: 304 | J19: 42.414724 | K19: -82.894073 | L19: =INDEX('course_coordinates (1)'!$D$2:$D$145,MATCH('Main Data'!N16,'course_coordinates (1)'!$A$2:$A$145,0)) -> 42.414724 | M19: =INDEX('course_coordinates (1)'!$E$2:$E$145,MATCH('Main Data'!N16,'course_coordinates (1)'!$A$2:$A$145,0)) -> -82.894073 | N19: Dearborn Hills Golf Course
A20: 108 | B20: Country Club of Detroit | C20: Grosse Pointe Farms | D20: Wayne | E20: Private | F20: 4.6 | G20: =VLOOKUP(B20, 'Slope Ratings'!$A$2:$C$147, 2, TRUE) -> 139 | H20: 269 | J20: 42.482576 | K20: -83.419117 | L20: =INDEX('course_coordinates (1)'!$D$2:$D$145,MATCH('Main Data'!N25,'course_coordinates (1)'!$A$2:$A$145,0)) -> 42.482576 | M20: =INDEX('course_coordinates (1)'!$E$2:$E$145,MATCH('Main Data'!N25,'course_coordinates (1)'!$A$2:$A$145,0)) -> -83.419117 | N20: Detroit Golf Club
A21: 78 | B21: Coyote | C21: New Hudson | D21: Oakland | E21: Public | F21: 4.1 | G21: =VLOOKUP(B21, 'Slope Ratings'!$A$2:$C$147, 2, TRUE) -> 139 | H21: 287 | J21: 42.317751 | K21: -83.254531 | L21: =INDEX('course_coordinates (1)'!$D$2:$D$145,MATCH('Main Data'!N18,'course_coordinates (1)'!$A$2:$A$145,0)) -> 42.317751 | M21: =INDEX('course_coordinates (1)'!$E$2:$E$145,MATCH('Main Data'!N18,'course_coordinates (1)'!$A$2:$A$145,0)) -> -83.254531 | N21: Downing Farms Golf Course
A22: 115 | B22: Cracklewood | C22: Macomb | D22: Macomb | E22: Public | F22: 3.9 | G22: =VLOOKUP(B22, 'Slope Ratings'!$A$2:$C$147, 2, TRUE) -> 139 | H22: 130 | I22: 1989 | J22: 42.608721 | K22: -83.2319 | L22: =INDEX('course_coordinates (1)'!$D$2:$D$145,MATCH('Main Data'!N46,'course_coordinates (1)'!$A$2:$A$145,0)) -> 42.608721 | M22: =INDEX('course_coordinates (1)'!$E$2:$E$145,MATCH('Main Data'!N46,'course_coordinates (1)'!$A$2:$A$145,0)) -> -83.2319 | N22: Eagle Crest Golf Club
A23: 15 | B23: Dearborn CC | C23: Dearborn | D23: Wayne | E23: Private | F23: 4.5 | G23: =VLOOKUP(B23, 'Slope Ratings'!$A$2:$C$147, 2, TRUE) -> 139 | H23: 234 | J23: 42.723057 | K23: -82.75711 | L23: =INDEX('course_coordinates (1)'!$D$2:$D$145,MATCH('Main Data'!N69,'course_coordinates (1)'!$A$2:$A$145,0)) -> 42.723057 | M23: =INDEX('course_coordinates (1)'!$E$2:$E$145,MATCH('Main Data'!N69,'course_coordinates (1)'!$A$2:$A$145,0)) -> -82.75711 | N23: Edgewood Country Club
A24: 105 | B24: Dearborn Hills | C24: Dearborn | D24: Wayne | E24: Public | F24: 3.6 | G24: =VLOOKUP(B24, 'Slope Ratings'!$A$2:$C$147, 2, TRUE) -> 139 | H24: 148 | I24: 1922 | J24: 42.209915 | K24: -83.283211 | L24: =INDEX('course_coordinates (1)'!$D$2:$D$145,MATCH('Main Data'!N59,'course_coordinates (1)'!$A$2:$A$145,0)) -> 42.209915 | M24: =INDEX('course_coordinates (1)'!$E$2:$E$145,MATCH('Main Data'!N59,'course_coordinates (1)'!$A$2:$A$145,0)) -> -83.283211 | N24: Evergreen Hills Golf Course
A25: 91 | B25: Detroit Golf Club | C25: Detroit | D25: Wayne | E25: Private | F25: 4.7 | G25: =VLOOKUP(B25, 'Slope Ratings'!$A$2:$C$147, 2, TRUE) -> 139 | H25: 605 | I25: 1916 | J25: 42.498356 | K25: -83.424146 | L25: =INDEX('course_coordinates (1)'!$D$2:$D$145,MATCH('Main Data'!N14,'course_coordinates (1)'!$A$2:$A$145,0)) -> 42.498356 | M25: =INDEX('course_coordinates (1)'!$E$2:$E$145,MATCH('Main Data'!N14,'course_coordinates (1)'!$A$2:$A$145,0)) -> -83.424146 | N25: Farmington Hills Golf Club
A26: 58 | B26: Downing Farms | C26: Northville | D26: Wayne | E26: Public | F26: 3.8 | G26: =VLOOKUP(B26, 'Slope Ratings'!$A$2:$C$147, 2, TRUE) -> 139 | H26: 261 | J26: 42.585863 | K26: -83.382677 | L26: =INDEX('course_coordinates (1)'!$D$2:$D$145,MATCH('Main Data'!N76,'course_coordinates (1)'!$A$2:$A$145,0)) -> 42.585863 | M26: =INDEX('course_coordinates (1)'!$E$2:$E$145,MATCH('Main Data'!N76,'course_coordinates (1)'!$A$2:$A$145,0)) -> -83.382677 | N26: Fellows Creek Golf Club
A27: 2 | B27: Edgewood | C27: Commerce Township | D27: Oakland | E27: Private | F27: 4.7 | G27: =VLOOKUP(B27, 'Slope Ratings'!$A$2:$C$147, 2, TRUE) -> 139 | H27: 224 | J27: 42.834254 | K27: -83.277656 | L27: =INDEX('course_coordinates (1)'!$D$2:$D$145,MATCH('Main Data'!N7,'course_coordinates (1)'!$A$2:$A$145,0)) -> 42.834254 | M27: =INDEX('course_coordinates (1)'!$E$2:$E$145,MATCH('Main Data'!N7,'course_coordinates (1)'!$A$2:$A$145,0)) -> -83.277656 | N27: Fern Hill Golf Club
A28: 30 | B28: Evergreen Hills | C28: Southfield | D28: Oakland | E28: Public | F28: 4 | G28: =VLOOKUP(B28, 'Slope Ratings'!$A$2:$C$147, 2, TRUE) -> 139 | H28: 195 | J28: 42.682432 | K28: -82.850882 | L28: =INDEX('course_coordinates (1)'!$D$2:$D$145,MATCH('Main Data'!N97,'course_coordinates (1)'!$A$2:$A$145,0)) -> 42.682432 | M28: =INDEX('course_coordinates (1)'!$E$2:$E$145,MATCH('Main Data'!N97,'course_coordinates (1)'!$A$2:$A$145,0)) -> -82.850882 | N28: Fieldstone Golf Club
A29: 16 | B29: Farmington Hills | C29: Farmington Hills | D29: Oakland | E29: Public | F29: 4.2 | G29: =VLOOKUP(B29, 'Slope Ratings'!$A$2:$C$147, 2, TRUE) -> 139 | H29: 508 | J29: 42.653722 | K29: -83.448767 | L29: =INDEX('course_coordinates (1)'!$D$2:$D$145,MATCH('Main Data'!N124,'course_coordinates (1)'!$A$2:$A$145,0)) -> 42.653722 | M29: =INDEX('course_coordinates (1)'!$E$2:$E$145,MATCH('Main Data'!N124,'course_coordinates (1)'!$A$2:$A$145,0)) -> -83.448767 | N29: Forest Lake Country Club
A30: 31 | B30: Fellows Creek | C30: Canton Township | D30: Wayne | E30: Public | F30: 4.2 | G30: =VLOOKUP(B30, 'Slope Ratings'!$A$2:$C$147, 2, TRUE) -> 139 | H30: 409 | J30: 42.701271 | K30: -83.489377 | L30: =INDEX('course_coordinates (1)'!$D$2:$D$145,MATCH('Main Data'!N52,'course_coordinates (1)'!$A$2:$A$145,0)) -> 42.701271 | M30: =INDEX('course_coordinates (1)'!$E$2:$E$145,MATCH('Main Data'!N52,'course_coordinates (1)'!$A$2:$A$145,0)) -> -83.489377 | N30: Fountains Golf & Banquet
A31: 95 | B31: Fern Hill | C31: Clinton Township | D31: Macomb | E31: Public | F31: 4.1 | G31: =VLOOKUP(B31, 'Slope Ratings'!$A$2:$C$147, 2, TRUE) -> 139 | H31: 927 | I31: 1972 | J31: 42.792332 | K31: -83.057266 | L31: =INDEX('course_coordinates (1)'!$D$2:$D$145,MATCH('Main Data'!N42,'course_coordinates (1)'!$A$2:$A$145,0)) -> 42.792332 | M31: =INDEX('course_coordinates (1)'!$E$2:$E$145,MATCH('Main Data'!N42,'course_coordinates (1)'!$A$2:$A$145,0)) -> -83.057266 | N31: Fox Creek Golf Course
A32: 87 | B32: Fieldstone | C32: Auburn Hills | D32: Oakland | E32: Public | F32: 3.9 | G32: =VLOOKUP(B32, 'Slope Ratings'!$A$2:$C$147, 2, TRUE) -> 122 | H32: 432 | J32: 42.385981 | K32: -82.898042 | L32: =INDEX('course_coordinates (1)'!$D$2:$D$145,MATCH('Main Data'!N44,'course_coordinates (1)'!$A$2:$A$145,0)) -> 42.385981 | M32: =INDEX('course_coordinates (1)'!$E$2:$E$145,MATCH('Main Data'!N44,'course_coordinates (1)'!$A$2:$A$145,0)) -> -82.898042 | N32: Fox Hills Golf & Banquet Center
A33: 17 | B33: Forest Lake | C33: Bloomfield Township | D33: Oakland | E33: Private | F33: 4.6 | G33: =VLOOKUP(B33, 'Slope Ratings'!$A$2:$C$147, 2, TRUE) -> 122 | H33: 141 | J33: 42.618441 | K33: -83.525783 | L33: =INDEX('course_coordinates (1)'!$D$2:$D$145,MATCH('Main Data'!N9,'course_coordinates (1)'!$A$2:$A$145,0)) -> 42.618441 | M33: =INDEX('course_coordinates (1)'!$E$2:$E$145,MATCH('Main Data'!N9,'course_coordinates (1)'!$A$2:$A$145,0)) -> -83.525783 | N33: Franklin Hills Country Club
A34: 73 | B34: Fountains | C34: Village of Clarkston | D34: Oakland | E34: Public | F34: 4.4 | G34: =VLOOKUP(B34, 'Slope Ratings'!$A$2:$C$147, 2, TRUE) -> 122 | H34: 702 | J34: 42.519966 | K34: -83.570589 | L34: =INDEX('course_coordinates (1)'!$D$2:$D$145,MATCH('Main Data'!N65,'course_coordinates (1)'!$A$2:$A$145,0)) -> 42.519966 | M34: =INDEX('course_coordinates (1)'!$E$2:$E$145,MATCH('Main Data'!N65,'course_coordinates (1)'!$A$2:$A$145,0)) -> -83.570589 | N34: Gateway Golf Club
A35: 3 | B35: Fox Creek | C35: Livonia | D35: Wayne | E35: Public | F35: 4.4 | G35: =VLOOKUP(B35, 'Slope Ratings'!$A$2:$C$147, 2, TRUE) -> 122 | H35: 423 | J35: 42.42628 | K35: -83.126246 | L35: =INDEX('course_coordinates (1)'!$D$2:$D$145,MATCH('Main Data'!N20,'course_coordinates (1)'!$A$2:$A$145,0)) -> 42.42628 | M35: =INDEX('course_coordinates (1)'!$E$2:$E$145,MATCH('Main Data'!N20,'course_coordinates (1)'!$A$2:$A$145,0)) -> -83.126246 | N35: Glacier Club
A36: 124 | B36: Fox Hills | C36: Plymouth | D36: Wayne* | E36: Public | F36: 4.6 | G36: =VLOOKUP(B36, 'Slope Ratings'!$A$2:$C$147, 2, TRUE) -> 122 | H36: 1066 | I36: 1989 | J36: 42.790962 | K36: -82.959465 | L36: =INDEX('course_coordinates (1)'!$D$2:$D$145,MATCH('Main Data'!N82,'course_coordinates (1)'!$A$2:$A$145,0)) -> 42.790962 | M36: =INDEX('course_coordinates (1)'!$E$2:$E$145,MATCH('Main Data'!N82,'course_coordinates (1)'!$A$2:$A$145,0)) -> -82.959465 | N36: Glen Oaks Country Club
A37: 94 | B37: Franklin Hills | C37: Franklin | D37: Oakland | E37: Private | F37: 4.4 | G37: =VLOOKUP(B37, 'Slope Ratings'!$A$2:$C$147, 2, TRUE) -> 122 | H37: 135 | I37: 1926 | J37: 42.82732 | K37: -83.182912 | L37: =INDEX('course_coordinates (1)'!$D$2:$D$145,MATCH('Main Data'!N15,'course_coordinates (1)'!$A$2:$A$145,0)) -> 42.82732 | M37: =INDEX('course_coordinates (1)'!$E$2:$E$145,MATCH('Main Data'!N15,'course_coordinates (1)'!$A$2:$A$145,0)) -> -83.182912 | N37: Glen Oaks Golf Course
A38: 97 | B38: Gateway | C38: Romulus | D38: Wayne | E38: Public | F38: 4.2 | G38: =VLOOKUP(B38, 'Slope Ratings'!$A$2:$C$147, 2, TRUE) -> 122 | H38: 502 | J38: 42.564381 | K38: -83.354633 | L38: =INDEX('course_coordinates (1)'!$D$2:$D$145,MATCH('Main Data'!N108,'course_coordinates (1)'!$A$2:$A$145,0)) -> 42.564381 | M38: =INDEX('course_coordinates (1)'!$E$2:$E$145,MATCH('Main Data'!N108,'course_coordinates (1)'!$A$2:$A$145,0)) -> -83.354633 | N38: Glenhurst Golf Course
A39: 13 | B39: Glacier Club | C39: Washington | D39: Macomb | E39: Public | F39: 3.6 | G39: =VLOOKUP(B39, 'Slope Ratings'!$A$2:$C$147, 2, TRUE) -> 139 | H39: 379 | J39: 42.525915 | K39: -83.458842 | L39: =INDEX('course_coordinates (1)'!$D$2:$D$145,MATCH('Main Data'!N68,'course_coordinates (1)'!$A$2:$A$145,0)) -> 42.525915 | M39: =INDEX('course_coordinates (1)'!$E$2:$E$145,MATCH('Main Data'!N68,'course_coordinates (1)'!$A$2:$A$145,0)) -> -83.458842 | N39: Gowanie Golf Club
A40: 18 | B40: Glen Oaks | C40: Farmington Hills | D40: Oakland | E40: Public | F40: 4.4 | G40: =VLOOKUP(B40, 'Slope Ratings'!$A$2:$C$147, 2, TRUE) -> 139 | H40: 253 | J40: 42.418376 | K40: -83.604452 | L40: =INDEX('course_coordinates (1)'!$D$2:$D$145,MATCH('Main Data'!N21,'course_coordinates (1)'!$A$2:$A$145,0)) -> 42.418376 | M40: =INDEX('course_coordinates (1)'!$E$2:$E$145,MATCH('Main Data'!N21,'course_coordinates (1)'!$A$2:$A$145,0)) -> -83.604452 | N40: Great Oaks Country Club
A41: 117 | B41: Glenhurst | C41: Redford Township | D41: Wayne | E41: Public | F41: 4.3 | G41: =VLOOKUP(B41, 'Slope Ratings'!$A$2:$C$147, 2, TRUE) -> 139 | H41: 405 | I41: 1936 | J41: 42.46279 | K41: -83.543695 | L41: =INDEX('course_coordinates (1)'!$D$2:$D$145,MATCH('Main Data'!N62,'course_coordinates (1)'!$A$2:$A$145,0)) -> 42.46279 | M41: =INDEX('course_coordinates (1)'!$E$2:$E$145,MATCH('Main Data'!N62,'course_coordinates (1)'!$A$2:$A$145,0)) -> -83.543695 | N41: Green Oaks Golf Course
A42: 4 | B42: Gowanie | C42: Harrison Township | D42: Macomb | E42: Private | F42: 4.7 | G42: =VLOOKUP(B42, 'Slope Ratings'!$A$2:$C$147, 2, TRUE) -> 139 | H42: 132 | J42: 42.705367 | K42: -82.747159 | L42: =INDEX('course_coordinates (1)'!$D$2:$D$145,MATCH('Main Data'!N12,'course_coordinates (1)'!$A$2:$A$145,0)) -> 42.705367 | M42: =INDEX('course_coordinates (1)'!$E$2:$E$145,MATCH('Main Data'!N12,'course_coordinates (1)'!$A$2:$A$145,0)) -> -82.747159 | N42: Greystone Golf Club
A43: 65 | B43: Great Oaks | C43: Rochester Hills | D43: Oakland | E43: Private | F43: 4.6 | G43: =VLOOKUP(B43, 'Slope Ratings'!$A$2:$C$147, 2, TRUE) -> 139 | H43: 197 | J43: 42.497571 | K43: -83.612396 | L43: =INDEX('course_coordinates (1)'!$D$2:$D$145,MATCH('Main Data'!N17,'course_coordinates (1)'!$A$2:$A$145,0)) -> 42.497571 | M43: =INDEX('course_coordinates (1)'!$E$2:$E$145,MATCH('Main Data'!N17,'course_coordinates (1)'!$A$2:$A$145,0)) -> -83.612396 | N43: Grosse Ile Golf & Country Club
A44: 55 | B44: Greystone | C44: Washington | D44: Macomb | E44: Public | F44: 4.4 | G44: =VLOOKUP(B44, 'Slope Ratings'!$A$2:$C$147, 2, TRUE) -> 139 | H44: 647 | I44: 1992 | J44: 42.437734 | K44: -83.446752 | L44: =INDEX('course_coordinates (1)'!$D$2:$D$145,MATCH('Main Data'!N70,'course_coordinates (1)'!$A$2:$A$145,0)) -> 42.437734 | M44: =INDEX('course_coordinates (1)'!$E$2:$E$145,MATCH('Main Data'!N70,'course_coordinates (1)'!$A$2:$A$145,0)) -> -83.446752 | N44: Grosse Pointe Club (Little Club)
A45: 32 | B45: Grosse Ile | C45: Grosse Ile Township | D45: Wayne | E45: Public | F45: 4.6 | G45: =VLOOKUP(B45, 'Slope Ratings'!$A$2:$C$147, 2, TRUE) -> 143 | H45: 182 | J45: 42.225658 | K45: -83.611868 | L45: =INDEX('course_coordinates (1)'!$D$2:$D$145,MATCH('Main Data'!N22,'course_coordinates (1)'!$A$2:$A$145,0)) -> 42.225658 | M45: =INDEX('course_coordinates (1)'!$E$2:$E$145,MATCH('Main Data'!N22,'course_coordinates (1)'!$A$2:$A$145,0)) -> -83.611868 | N45: Heather Highlands Golf Club
A46: 19 | B46: Grosse Pointe | C46: Grosse Pointe Farms | D46: Wayne | E46: Private | F46: 4.5 | G46: =VLOOKUP(B46, 'Slope Ratings'!$A$2:$C$147, 2, TRUE) -> 143 | H46: 43 | J46: 42.514367 | K46: -83.352646 | L46: =INDEX('course_coordinates (1)'!$D$2:$D$145,MATCH('Main Data'!N37,'course_coordinates (1)'!$A$2:$A$145,0)) -> 42.514367 | M46: =INDEX('course_coordinates (1)'!$E$2:$E$145,MATCH('Main Data'!N37,'course_coordinates (1)'!$A$2:$A$145,0)) -> -83.352646 | N46: Heathers Club of Bloomfield
A47: 46 | B47: Hampton | C47: Rochester Hills | D47: Oakland | E47: Public | F47: 4 | G47: =VLOOKUP(B47, 'Slope Ratings'!$A$2:$C$147, 2, TRUE) -> 143 | H47: 125 | J47: 42.729553 | K47: -83.464305 | L47: =INDEX('course_coordinates (1)'!$D$2:$D$145,MATCH('Main Data'!N100,'course_coordinates (1)'!$A$2:$A$145,0)) -> 42.729553 | M47: =INDEX('course_coordinates (1)'!$E$2:$E$145,MATCH('Main Data'!N100,'course_coordinates (1)'!$A$2:$A$145,0)) -> -83.464305 | N47: Hickory Hill Golf Course
A48: 130 | B48: Heather Highlands | C48: Holly | D48: Oakland | E48: Public | F48: 2.8 | G48: =VLOOKUP(B48, 'Slope Ratings'!$A$2:$C$147, 2, TRUE) -> 143 | H48: 169 | J48: 42.138814 | K48: -83.365624 | L48: =INDEX('course_coordinates (1)'!$D$2:$D$145,MATCH('Main Data'!N125,'course_coordinates (1)'!$A$2:$A$145,0)) -> 42.138814 | M48: =INDEX('course_coordinates (1)'!$E$2:$E$145,MATCH('Main Data'!N125,'course_coordinates (1)'!$A$2:$A$145,0)) -> -83.365624 | N48: Hickory Hollow Golf Club
A49: 33 | B49: Heather Hills | C49: Bruce Township | D49: Macomb | E49: Public | F49: 4.5 | G49: =VLOOKUP(B49, 'Slope Ratings'!$A$2:$C$147, 2, TRUE) -> 143 | H49: 329 | J49: 42.294134 | K49: -83.331896 | L49: =INDEX('course_coordinates (1)'!$D$2:$D$145,MATCH('Main Data'!N54,'course_coordinates (1)'!$A$2:$A$145,0)) -> 42.294134 | M49: =INDEX('course_coordinates (1)'!$E$2:$E$145,MATCH('Main Data'!N54,'course_coordinates (1)'!$A$2:$A$145,0)) -> -83.331896 | N49: Highland Hills Golf Club
A50: 90 | B50: Heathers Club | C50: Bloomfield Hills | D50: Oakland | E50: Private | F50: 4.6 | G50: =VLOOKUP(B50, 'Slope Ratings'!$A$2:$C$147, 2, TRUE) -> 143 | H50: 281 | J50: 42.688153 | K50: -83.25631 | L50: =INDEX('course_coordinates (1)'!$D$2:$D$145,MATCH('Main Data'!N28,'course_coordinates (1)'!$A$2:$A$145,0)) -> 42.688153 | M50: =INDEX('course_coordinates (1)'!$E$2:$E$145,MATCH('Main Data'!N28,'course_coordinates (1)'!$A$2:$A$145,0)) -> -83.25631 | N50: Hilltop Golf Course
A51: 111 | B51: Hickory Hill | C51: Wixom | D51: Oakland | E51: Public | F51: 4 | G51: =VLOOKUP(B51, 'Slope Ratings'!$A$2:$C$147, 2, TRUE) -> 143 | H51: 126 | J51: 42.664303 | K51: -83.20357 | L51: =INDEX('course_coordinates (1)'!$D$2:$D$145,MATCH('Main Data'!N55,'course_coordinates (1)'!$A$2:$A$145,0)) -> 42.664303 | M51: =INDEX('course_coordinates (1)'!$E$2:$E$145,MATCH('Main Data'!N55,'course_coordinates (1)'!$A$2:$A$145,0)) -> -83.20357 | N51: Idyl Wyld Golf Course
A52: 99 | B52: Hickory Hollow | C52: Macomb | D52: Macomb | E52: Public | F52: 4.1 | G52: =VLOOKUP(B52, 'Slope Ratings'!$A$2:$C$147, 2, TRUE) -> 143 | H52: 378 | J52: 42.340947 | K52: -83.296723 | L52: =INDEX('course_coordinates (1)'!$D$2:$D$145,MATCH('Main Data'!N119,'course_coordinates (1)'!$A$2:$A$145,0)) -> 42.340947 | M52: =INDEX('course_coordinates (1)'!$E$2:$E$145,MATCH('Main Data'!N119,'course_coordinates (1)'!$A$2:$A$145,0)) -> -83.296723 | N52: Indian Springs Metropark Golf
A53: 34 | B53: Highland Hills | C53: Highland Township | D53: Oakland | E53: Public | F53: 3.5 | G53: =VLOOKUP(B53, 'Slope Ratings'!$A$2:$C$147, 2, TRUE) -> 143 | H53: 213 | J53: 42.286169 | K53: -83.43872 | L53: =INDEX('course_coordinates (1)'!$D$2:$D$145,MATCH('Main Data'!N26,'course_coordinates (1)'!$A$2:$A$145,0)) -> 42.286169 | M53: =INDEX('course_coordinates (1)'!$E$2:$E$145,MATCH('Main Data'!N26,'course_coordinates (1)'!$A$2:$A$145,0)) -> -83.43872 | N53: Indianwood Golf & Country Club
A54: 20 | B54: Hilltop | C54: Plymouth | D54: Wayne* | E54: Public | F54: 3.7 | G54: =VLOOKUP(B54, 'Slope Ratings'!$A$2:$C$147, 2, TRUE) -> 143 | H54: 312 | I54: 1926 | J54: 42.455079 | K54: -83.578208 | L54: =INDEX('course_coordinates (1)'!$D$2:$D$145,MATCH('Main Data'!N109,'course_coordinates (1)'!$A$2:$A$145,0)) -> 42.455079 | M54: =INDEX('course_coordinates (1)'!$E$2:$E$145,MATCH('Main Data'!N109,'course_coordinates (1)'!$A$2:$A$145,0)) -> -83.578208 | N54: Inkster Valley Golf Course
A55: 71 | B55: Idyl Wyld | C55: Livonia | D55: Wayne | E55: Public | F55: 3.8 | G55: =VLOOKUP(B55, 'Slope Ratings'!$A$2:$C$147, 2, TRUE) -> 143 | H55: 405 | J55: 42.589331 | K55: -83.240407 | L55: =INDEX('course_coordinates (1)'!$D$2:$D$145,MATCH('Main Data'!N106,'course_coordinates (1)'!$A$2:$A$145,0)) -> 42.589331 | M55: =INDEX('course_coordinates (1)'!$E$2:$E$145,MATCH('Main Data'!N106,'course_coordinates (1)'!$A$2:$A$145,0)) -> -83.240407 | N55: Katke-Cousins Golf Course
A56: 81 | B56: Indian Springs | C56: White Lake | D56: Oakland | E56: Public | F56: 4.2 | G56: =VLOOKUP(B56, 'Slope Ratings'!$A$2:$C$147, 2, TRUE) -> 143 | H56: 266 | J56: 42.230116 | K56: -83.783347 | L56: =INDEX('course_coordinates (1)'!$D$2:$D$145,MATCH('Main Data'!N58,'course_coordinates (1)'!$A$2:$A$145,0)) -> 42.230116 | M56: =INDEX('course_coordinates (1)'!$E$2:$E$145,MATCH('Main Data'!N58,'course_coordinates (1)'!$A$2:$A$145,0)) -> -83.783347 | N56: Knollwood Country Club
A57: 125 | B57: Indianwood | C57: Lake Orion | D57: Oakland | E57: Private | F57: 4.6 | G57: =VLOOKUP(B57, 'Slope Ratings'!$A$2:$C$147, 2, TRUE) -> 143 | H57: 321 | J57: 42.719551 | K57: -83.390629 | L57: =INDEX('course_coordinates (1)'!$D$2:$D$145,MATCH('Main Data'!N30,'course_coordinates (1)'!$A$2:$A$145,0)) -> 42.719551 | M57: =INDEX('course_coordinates (1)'!$E$2:$E$145,MATCH('Main Data'!N30,'course_coordinates (1)'!$A$2:$A$145,0)) -> -83.390629 | N57: Lake Erie Metropark Golf Course
A58: 59 | B58: Inkster Valley | C58: Inkster | D58: Wayne | E58: Public | F58: 3.7 | G58: =VLOOKUP(B58, 'Slope Ratings'!$A$2:$C$147, 2, TRUE) -> 143 | J58: 42.191813 | K58: -83.79419 | L58: =INDEX('course_coordinates (1)'!$D$2:$D$145,MATCH('Main Data'!N10,'course_coordinates (1)'!$A$2:$A$145,0)) -> 42.191813 | M58: =INDEX('course_coordinates (1)'!$E$2:$E$145,MATCH('Main Data'!N10,'course_coordinates (1)'!$A$2:$A$145,0)) -> -83.79419 | N58: Lake Forest Golf Club
A59: 116 | B59: Katke-Cousins | C59: Rochester Hills | D59: Oakland | E59: Private | F59: 4.7 | G59: =VLOOKUP(B59, 'Slope Ratings'!$A$2:$C$147, 2, TRUE) -> 143 | H59: 79 | J59: 42.40484 | K59: -83.591614 | L59: =INDEX('course_coordinates (1)'!$D$2:$D$145,MATCH('Main Data'!N96,'course_coordinates (1)'!$A$2:$A$145,0)) -> 42.40484 | M59: =INDEX('course_coordinates (1)'!$E$2:$E$145,MATCH('Main Data'!N96,'course_coordinates (1)'!$A$2:$A$145,0)) -> -83.591614 | N59: Lakes of Taylor Golf Course
A60: 107 | B60: Knollwood | C60: West Bloomfield Township | D60: Oakland | E60: Private | F60: 4.7 | G60: =VLOOKUP(B60, 'Slope Ratings'!$A$2:$C$147, 2, TRUE) -> 143 | H60: 90 | J60: 42.778807 | K60: -83.517702 | L60: =INDEX('course_coordinates (1)'!$D$2:$D$145,MATCH('Main Data'!N45,'course_coordinates (1)'!$A$2:$A$145,0)) -> 42.778807 | M60: =INDEX('course_coordinates (1)'!$E$2:$E$145,MATCH('Main Data'!N45,'course_coordinates (1)'!$A$2:$A$145,0)) -> -83.517702 | N60: Leslie Park Golf Course
A61: 112 | B61: Lake Erie | C61: Brownstown Township | D61: Wayne | E61: Public | F61: 4.3 | G61: =VLOOKUP(B61, 'Slope Ratings'!$A$2:$C$147, 2, TRUE) -> 143 | H61: 250 | J61: 42.393538 | K61: -83.299947 | L61: =INDEX('course_coordinates (1)'!$D$2:$D$145,MATCH('Main Data'!N122,'course_coordinates (1)'!$A$2:$A$145,0)) -> 42.393538 | M61: =INDEX('course_coordinates (1)'!$E$2:$E$145,MATCH('Main Data'!N122,'course_coordinates (1)'!$A$2:$A$145,0)) -> -83.299947 | N61: Lincoln Hills Golf Course
A62: 109 | B62: Lakes of Taylor | C62: Taylor | D62: Wayne | E62: Public | F62: 4.3 | G62: =VLOOKUP(B62, 'Slope Ratings'!$A$2:$C$147, 2, TRUE) -> 143 | H62: 531 | J62: 42.397714 | K62: -83.396898 | L62: =INDEX('course_coordinates (1)'!$D$2:$D$145,MATCH('Main Data'!N51,'course_coordinates (1)'!$A$2:$A$145,0)) -> 42.397714 | M62: =INDEX('course_coordinates (1)'!$E$2:$E$145,MATCH('Main Data'!N51,'course_coordinates (1)'!$A$2:$A$145,0)) -> -83.396898 | N62: Links of Novi
A63: 89 | B63: Lincoln Hills | C63: Birmingham | D63: Oakland | E63: Public | F63: 4.4 | G63: =VLOOKUP(B63, 'Slope Ratings'!$A$2:$C$147, 2, TRUE) -> 143 | H63: 155 | J63: 42.256617 | K63: -83.283656 | L63: =INDEX('course_coordinates (1)'!$D$2:$D$145,MATCH('Main Data'!N110,'course_coordinates (1)'!$A$2:$A$145,0)) -> 42.256617 | M63: =INDEX('course_coordinates (1)'!$E$2:$E$145,MATCH('Main Data'!N110,'course_coordinates (1)'!$A$2:$A$145,0)) -> -83.283656 | N63: Little Myth Par 3 Golf Course
A64: 48 | B64: Links of Novi | C64: Novi | D64: Oakland | E64: Public | F64: 4.2 | G64: =VLOOKUP(B64, 'Slope Ratings'!$A$2:$C$147, 2, TRUE) -> 143 | H64: 195 | J64: 42.544702 | K64: -83.328327 | L64: =INDEX('course_coordinates (1)'!$D$2:$D$145,MATCH('Main Data'!N56,'course_coordinates (1)'!$A$2:$A$145,0)) -> 42.544702 | M64: =INDEX('course_coordinates (1)'!$E$2:$E$145,MATCH('Main Data'!N56,'course_coordinates (1)'!$A$2:$A$145,0)) -> -83.328327 | N64: Lochmoor Club
A65: 56 | B65: Little Myth | C65: Oakland Township | D65: Oakland | E65: Public | F65: 3.8 | G65: =VLOOKUP(B65, 'Slope Ratings'!$A$2:$C$147, 2, TRUE) -> 143 | H65: 24 | J65: 42.391292 | K65: -83.551051 | L65: =INDEX('course_coordinates (1)'!$D$2:$D$145,MATCH('Main Data'!N8,'course_coordinates (1)'!$A$2:$A$145,0)) -> 42.391292 | M65: =INDEX('course_coordinates (1)'!$E$2:$E$145,MATCH('Main Data'!N8,'course_coordinates (1)'!$A$2:$A$145,0)) -> -83.551051 | N65: Lyon Oaks County Park Golf Course
A66: 35 | B66: Lochmoor | C66: Grosse Pointe Woods | D66: Wayne | E66: Private | F66: 4.5 | G66: =VLOOKUP(B66, 'Slope Ratings'!$A$2:$C$147, 2, TRUE) -> 143 | H66: 145 | J66: 42.427213 | K66: -83.398248 | L66: =INDEX('course_coordinates (1)'!$D$2:$D$145,MATCH('Main Data'!N31,'course_coordinates (1)'!$A$2:$A$145,0)) -> 42.427213 | M66: =INDEX('course_coordinates (1)'!$E$2:$E$145,MATCH('Main Data'!N31,'course_coordinates (1)'!$A$2:$A$145,0)) -> -83.398248 | N66: Mack Mayfield Municipal Golf Course
A67: 63 | B67: Lyon Oaks | C67: Wixom | D67: Oakland | E67: Public | F67: 4.2 | G67: =VLOOKUP(B67, 'Slope Ratings'!$A$2:$C$147, 2, TRUE) -> 143 | H67: 512 | J67: 42.740671 | K67: -83.371979 | L67: =INDEX('course_coordinates (1)'!$D$2:$D$145,MATCH('Main Data'!N80,'course_coordinates (1)'!$A$2:$A$145,0)) -> 42.740671 | M67: =INDEX('course_coordinates (1)'!$E$2:$E$145,MATCH('Main Data'!N80,'course_coordinates (1)'!$A$2:$A$145,0)) -> -83.371979 | N67: Maple Lane Golf Club
A68: 5 | B68: Mack Mayfield | C68: Westland | D68: Wayne | E68: Public | F68: 4.1 | G68: =VLOOKUP(B68, 'Slope Ratings'!$A$2:$C$147, 2, TRUE) -> 143 | H68: 160 | J68: 42.479117 | K68: -83.235713 | L68: =INDEX('course_coordinates (1)'!$D$2:$D$145,MATCH('Main Data'!N24,'course_coordinates (1)'!$A$2:$A$145,0)) -> 42.479117 | M68: =INDEX('course_coordinates (1)'!$E$2:$E$145,MATCH('Main Data'!N24,'course_coordinates (1)'!$A$2:$A$145,0)) -> -83.235713 | N68: Maples Golf Club
A69: 92 | B69: Maple Lane | C69: Sterling Heights | D69: Macomb | E69: Public | F69: 4 | G69: =VLOOKUP(B69, 'Slope Ratings'!$A$2:$C$147, 2, TRUE) -> 143 | H69: 920 | I69: 1926 | J69: 42.205247 | K69: -83.624504 | L69: =INDEX('course_coordinates (1)'!$D$2:$D$145,MATCH('Main Data'!N83,'course_coordinates (1)'!$A$2:$A$145,0)) -> 42.205247 | M69: =INDEX('course_coordinates (1)'!$E$2:$E$145,MATCH('Main Data'!N83,'course_coordinates (1)'!$A$2:$A$145,0)) -> -83.624504 | N69: Marsh Oaks Golf Club
A70: 6 | B70: Maples Golf | C70: Novi | D70: Oakland | E70: Public | F70: 4.1 | G70: =VLOOKUP(B70, 'Slope Ratings'!$A$2:$C$147, 2, TRUE) -> NA | H70: 205 | J70: 42.647578 | K70: -82.88073 | L70: =INDEX('course_coordinates (1)'!$D$2:$D$145,MATCH('Main Data'!N4,'course_coordinates (1)'!$A$2:$A$145,0)) -> 42.647578 | M70: =INDEX('course_coordinates (1)'!$E$2:$E$145,MATCH('Main Data'!N4,'course_coordinates (1)'!$A$2:$A$145,0)) -> -82.88073 | N70: Meadowbrook Country Club
A71: 68 | B71: Marsh Oaks | C71: New Haven | D71: Macomb | E71: Public | F71: 3.2 | G71: =VLOOKUP(B71, 'Slope Ratings'!$A$2:$C$147, 2, TRUE) -> NA | H71: 437 | J71: 42.451144 | K71: -83.262468 | L71: =INDEX('course_coordinates (1)'!$D$2:$D$145,MATCH('Main Data'!N85,'course_coordinates (1)'!$A$2:$A$145,0)) -> 42.451144 | M71: =INDEX('course_coordinates (1)'!$E$2:$E$145,MATCH('Main Data'!N85,'course_coordinates (1)'!$A$2:$A$145,0)) -> -83.262468 | N71: Mystic Creek Golf Course
A72: 36 | B72: Meadowbrook | C72: Northville | D72: Wayne | E72: Private | F72: 4.7 | G72: =VLOOKUP(B72, 'Slope Ratings'!$A$2:$C$147, 2, TRUE) -> NA | H72: 116 | I72: 1916 | J72: 42.153229 | K72: -83.305986 | L72: =INDEX('course_coordinates (1)'!$D$2:$D$145,MATCH('Main Data'!N126,'course_coordinates (1)'!$A$2:$A$145,0)) -> 42.153229 | M72: =INDEX('course_coordinates (1)'!$E$2:$E$145,MATCH('Main Data'!N126,'course_coordinates (1)'!$A$2:$A$145,0)) -> -83.305986 | N72: Myth Public Golf Course
A73: 37 | B73: Mystic Creek | C73: Milford | D73: Oakland | E73: Public | F73: 4.2 | G73: =VLOOKUP(B73, 'Slope Ratings'!$A$2:$C$147, 2, TRUE) -> NA | H73: 464 | J73: 42.796393 | K73: -82.986443 | L73: =INDEX('course_coordinates (1)'!$D$2:$D$145,MATCH('Main Data'!N93,'course_coordinates (1)'!$A$2:$A$145,0)) -> 42.796393 | M73: =INDEX('course_coordinates (1)'!$E$2:$E$145,MATCH('Main Data'!N93,'course_coordinates (1)'!$A$2:$A$145,0)) -> -82.986443 | N73: Northville Hills Golf Club
A74: 88 | B74: Myth | C74: Oakland Township | D74: Oakland | E74: Public | F74: 3.3 | G74: =VLOOKUP(B74, 'Slope Ratings'!$A$2:$C$147, 2, TRUE) -> NA | H74: 313 | J74: 42.755653 | K74: -83.036557 | L74: =INDEX('course_coordinates (1)'!$D$2:$D$145,MATCH('Main Data'!N131,'course_coordinates (1)'!$A$2:$A$145,0)) -> 42.755653 | M74: =INDEX('course_coordinates (1)'!$E$2:$E$145,MATCH('Main Data'!N131,'course_coordinates (1)'!$A$2:$A$145,0)) -> -83.036557 | N74: Oakhurst Golf & Country Club
A75: 49 | B75: Northville Hills | C75: Northville | D75: Wayne* | E75: Public | F75: 4.4 | G75: =VLOOKUP(B75, 'Slope Ratings'!$A$2:$C$147, 2, TRUE) -> NA | H75: 490 | I75: 2000 | J75: 42.660102 | K75: -82.878159 | L75: =INDEX('course_coordinates (1)'!$D$2:$D$145,MATCH('Main Data'!N48,'course_coordinates (1)'!$A$2:$A$145,0)) -> 42.660102 | M75: =INDEX('course_coordinates (1)'!$E$2:$E$145,MATCH('Main Data'!N48,'course_coordinates (1)'!$A$2:$A$145,0)) -> -82.878159 | N75: Oakland Hills Country Club
A76: 126 | B76: Oakhurst | C76: Village of Clarkston | D76: Oakland | E76: Private | F76: 4.5 | G76: =VLOOKUP(B76, 'Slope Ratings'!$A$2:$C$147, 2, TRUE) -> NA | H76: 111 | J76: 42.203827 | K76: -83.210819 | L76: =INDEX('course_coordinates (1)'!$D$2:$D$145,MATCH('Main Data'!N102,'course_coordinates (1)'!$A$2:$A$145,0)) -> 42.203827 | M76: =INDEX('course_coordinates (1)'!$E$2:$E$145,MATCH('Main Data'!N102,'course_coordinates (1)'!$A$2:$A$145,0)) -> -83.210819 | N76: Orchard Lake Country Club
A77: 127 | B77: Oakland Hills | C77: Bloomfield Hills | D77: Oakland | E77: Private | F77: 4.8 | G77: =VLOOKUP(B77, 'Slope Ratings'!$A$2:$C$147, 2, TRUE) -> NA | H77: 274 | I77: 1918 | J77: 42.680746 | K77: -83.585256 | L77: =INDEX('course_coordinates (1)'!$D$2:$D$145,MATCH('Main Data'!N49,'course_coordinates (1)'!$A$2:$A$145,0)) -> 42.680746 | M77: =INDEX('course_coordinates (1)'!$E$2:$E$145,MATCH('Main Data'!N49,'course_coordinates (1)'!$A$2:$A$145,0)) -> -83.585256 | N77: Oxford Hills Golf Club
A78: 38 | B78: Orchard Lake | C78: West Bloomfield Township | D78: Oakland | E78: Private | F78: 4.7 | G78: =VLOOKUP(B78, 'Slope Ratings'!$A$2:$C$147, 2, TRUE) -> NA | H78: 193 | J78: 42.78835 | K78: -83.267535 | L78: =INDEX('course_coordinates (1)'!$D$2:$D$145,MATCH('Main Data'!N53,'course_coordinates (1)'!$A$2:$A$145,0)) -> 42.78835 | M78: =INDEX('course_coordinates (1)'!$E$2:$E$145,MATCH('Main Data'!N53,'course_coordinates (1)'!$A$2:$A$145,0)) -> -83.267535 | N78: Paint Creek Country Club
A79: 50 | B79: Oxford Hills | C79: Oxford | D79: Oakland | E79: Public | F79: 4 | G79: =VLOOKUP(B79, 'Slope Ratings'!$A$2:$C$147, 2, TRUE) -> NA | H79: 213 | J79: 42.537973 | K79: -83.007485 | L79: =INDEX('course_coordinates (1)'!$D$2:$D$145,MATCH('Main Data'!N67,'course_coordinates (1)'!$A$2:$A$145,0)) -> 42.537973 | M79: =INDEX('course_coordinates (1)'!$E$2:$E$145,MATCH('Main Data'!N67,'course_coordinates (1)'!$A$2:$A$145,0)) -> -83.007485 | N79: Pheasant Run Golf Club
A80: 60 | B80: Paint Creek | C80: Lake Orion | D80: Oakland | E80: Private | F80: 4.4 | G80: =VLOOKUP(B80, 'Slope Ratings'!$A$2:$C$147, 2, TRUE) -> NA | H80: 279 | J80: 42.717414 | K80: -83.10817 | L80: =INDEX('course_coordinates (1)'!$D$2:$D$145,MATCH('Main Data'!N105,'course_coordinates (1)'!$A$2:$A$145,0)) -> 42.717414 | M80: =INDEX('course_coordinates (1)'!$E$2:$E$145,MATCH('Main Data'!N105,'course_coordinates (1)'!$A$2:$A$145,0)) -> -83.10817 | N80: Pine Knob Golf Club
A81: 39 | B81: Pheasant Run | C81: Canton Township | D81: Wayne | E81: Public | F81: 4.3 | G81: =VLOOKUP(B81, 'Slope Ratings'!$A$2:$C$147, 2, TRUE) -> NA | H81: 280 | J81: 42.579821 | K81: -83.316154 | L81: =INDEX('course_coordinates (1)'!$D$2:$D$145,MATCH('Main Data'!N116,'course_coordinates (1)'!$A$2:$A$145,0)) -> 42.579821 | M81: =INDEX('course_coordinates (1)'!$E$2:$E$145,MATCH('Main Data'!N116,'course_coordinates (1)'!$A$2:$A$145,0)) -> -83.316154 | N81: Pine Lake Country Club
A82: 128 | B82: Pine Knob | C82: Village of Clarkston | D82: Oakland | E82: Public | F82: 4.4 | G82: =VLOOKUP(B82, 'Slope Ratings'!$A$2:$C$147, 2, TRUE) -> NA | H82: 566 | J82: 42.56555 | K82: -83.215878 | L82: =INDEX('course_coordinates (1)'!$D$2:$D$145,MATCH('Main Data'!N103,'course_coordinates (1)'!$A$2:$A$145,0)) -> 42.56555 | M82: =INDEX('course_coordinates (1)'!$E$2:$E$145,MATCH('Main Data'!N103,'course_coordinates (1)'!$A$2:$A$145,0)) -> -83.215878 | N82: Pine Valley Golf & Country Club
A83: 7 | B83: Pine Lake | C83: West Bloomfield Township | D83: Oakland | E83: Private | F83: 4.8 | G83: =VLOOKUP(B83, 'Slope Ratings'!$A$2:$C$147, 2, TRUE) -> NA | H83: 257 | J83: 42.306534 | K83: -83.350247 | L83: =INDEX('course_coordinates (1)'!$D$2:$D$145,MATCH('Main Data'!N66,'course_coordinates (1)'!$A$2:$A$145,0)) -> 42.306534 | M83: =INDEX('course_coordinates (1)'!$E$2:$E$145,MATCH('Main Data'!N66,'course_coordinates (1)'!$A$2:$A$145,0)) -> -83.350247 | N83: Pine View Golf Course
A84: 118 | B84: Pine Trace | C84: Rochester Hills | D84: Oakland | E84: Public | F84: 3.4 | G84: =VLOOKUP(B84, 'Slope Ratings'!$A$2:$C$147, 2, TRUE) -> NA | H84: 228 | J84: 42.601828 | K84: -82.809727 | L84: =INDEX('course_coordinates (1)'!$D$2:$D$145,MATCH('Main Data'!N98,'course_coordinates (1)'!$A$2:$A$145,0)) -> 42.601828 | M84: =INDEX('course_coordinates (1)'!$E$2:$E$145,MATCH('Main Data'!N98,'course_coordinates (1)'!$A$2:$A$145,0)) -> -82.809727 | N84: Plum Brook Golf Club
A85: 8 | B85: Pine Valley | C85: Ray | D85: Macomb | E85: Public | F85: 3.9 | G85: =VLOOKUP(B85, 'Slope Ratings'!$A$2:$C$147, 2, TRUE) -> 0 | H85: 315 | I85: 1967 | J85: 42.509387 | K85: -83.105302 | L85: =INDEX('course_coordinates (1)'!$D$2:$D$145,MATCH('Main Data'!N90,'course_coordinates (1)'!$A$2:$A$145,0)) -> 42.509387 | M85: =INDEX('course_coordinates (1)'!$E$2:$E$145,MATCH('Main Data'!N90,'course_coordinates (1)'!$A$2:$A$145,0)) -> -83.105302 | N85: Plum Hollow Country Club
A86: 102 | B86: Plum Brook | C86: Sterling Heights | D86: Macomb | E86: Public | F86: 3.7 | G86: =VLOOKUP(B86, 'Slope Ratings'!$A$2:$C$147, 2, TRUE) -> 0 | H86: 373 | J86: 42.656245 | K86: -82.878149 | L86: =INDEX('course_coordinates (1)'!$D$2:$D$145,MATCH('Main Data'!N107,'course_coordinates (1)'!$A$2:$A$145,0)) -> 42.656245 | M86: =INDEX('course_coordinates (1)'!$E$2:$E$145,MATCH('Main Data'!N107,'course_coordinates (1)'!$A$2:$A$145,0)) -> -82.878149 | N86: Pontiac Country Club
A87: 40 | B87: Plum Hollow | C87: Southfield | D87: Oakland | E87: Private | F87: 4.5 | G87: =VLOOKUP(B87, 'Slope Ratings'!$A$2:$C$147, 2, TRUE) -> 0 | H87: 242 | J87: 42.770793 | K87: -83.157997 | L87: =INDEX('course_coordinates (1)'!$D$2:$D$145,MATCH('Main Data'!N72,'course_coordinates (1)'!$A$2:$A$145,0)) -> 42.770793 | M87: =INDEX('course_coordinates (1)'!$E$2:$E$145,MATCH('Main Data'!N72,'course_coordinates (1)'!$A$2:$A$145,0)) -> -83.157997 | N87: Prestwick Village Golf Club
A88: 51 | B88: Pontiac CC | C88: Waterford Township | D88: Oakland | E88: Public | F88: 4.2 | G88: =VLOOKUP(B88, 'Slope Ratings'!$A$2:$C$147, 2, TRUE) -> 0 | H88: 349 | I88: ~1943 | J88: 42.125565 | K88: -83.161568 | L88: =INDEX('course_coordinates (1)'!$D$2:$D$145,MATCH('Main Data'!N43,'course_coordinates (1)'!$A$2:$A$145,0)) -> 42.125565 | M88: =INDEX('course_coordinates (1)'!$E$2:$E$145,MATCH('Main Data'!N43,'course_coordinates (1)'!$A$2:$A$145,0)) -> -83.161568 | N88: Rackham Golf Course
A89: 106 | B89: Prestwick Village | C89: Highland | D89: Oakland | E89: Private | F89: 4.7 | G89: =VLOOKUP(B89, 'Slope Ratings'!$A$2:$C$147, 2, TRUE) -> 0 | H89: 108 | J89: 42.306408 | K89: -83.200866 | L89: =INDEX('course_coordinates (1)'!$D$2:$D$145,MATCH('Main Data'!N114,'course_coordinates (1)'!$A$2:$A$145,0)) -> 42.306408 | M89: =INDEX('course_coordinates (1)'!$E$2:$E$145,MATCH('Main Data'!N114,'course_coordinates (1)'!$A$2:$A$145,0)) -> -83.200866 | N89: Rammler Golf Club
A90: 9 | B90: Rackham | C90: Huntington Woods | D90: Oakland | E90: Public | F90: 3.7 | G90: =VLOOKUP(B90, 'Slope Ratings'!$A$2:$C$147, 2, TRUE) -> 0 | H90: 328 | J90: 42.393536 | K90: -83.478617 | L90: =INDEX('course_coordinates (1)'!$D$2:$D$145,MATCH('Main Data'!N111,'course_coordinates (1)'!$A$2:$A$145,0)) -> 42.393536 | M90: =INDEX('course_coordinates (1)'!$E$2:$E$145,MATCH('Main Data'!N111,'course_coordinates (1)'!$A$2:$A$145,0)) -> -83.478617 | N90: Red Oaks Golf Course
A91: 86 | B91: Rammler | C91: Sterling Heights | D91: Macomb | E91: Public | F91: 4 | G91: =VLOOKUP(B91, 'Slope Ratings'!$A$2:$C$147, 2, TRUE) -> 0 | H91: 385 | J91: 42.14011 | K91: -83.168873 | L91: =INDEX('course_coordinates (1)'!$D$2:$D$145,MATCH('Main Data'!N121,'course_coordinates (1)'!$A$2:$A$145,0)) -> 42.14011 | M91: =INDEX('course_coordinates (1)'!$E$2:$E$145,MATCH('Main Data'!N121,'course_coordinates (1)'!$A$2:$A$145,0)) -> -83.168873 | N91: Red Run Golf Club
A92: 120 | B92: Red Oaks | C92: Madison Heights | D92: Oakland | E92: Public | F92: 4.3 | G92: =VLOOKUP(B92, 'Slope Ratings'!$A$2:$C$147, 2, TRUE) -> 0 | J92: 42.770657 | K92: -83.158056 | L92: =INDEX('course_coordinates (1)'!$D$2:$D$145,MATCH('Main Data'!N63,'course_coordinates (1)'!$A$2:$A$145,0)) -> 42.770657 | M92: =INDEX('course_coordinates (1)'!$E$2:$E$145,MATCH('Main Data'!N63,'course_coordinates (1)'!$A$2:$A$145,0)) -> -83.158056 | N92: Riverview Highlands Golf Course
A93: 61 | B93: Red Run | C93: Royal Oak | D93: Oakland | E93: Private | F93: 4.6 | G93: =VLOOKUP(B93, 'Slope Ratings'!$A$2:$C$147, 2, TRUE) -> 0 | H93: 266 | J93: 42.400437 | K93: -83.495901 | L93: =INDEX('course_coordinates (1)'!$D$2:$D$145,MATCH('Main Data'!N73,'course_coordinates (1)'!$A$2:$A$145,0)) -> 42.400437 | M93: =INDEX('course_coordinates (1)'!$E$2:$E$145,MATCH('Main Data'!N73,'course_coordinates (1)'!$A$2:$A$145,0)) -> -83.495901 | N93: Romeo Golf & Country Club
A94: 85 | B94: Riverview Highlands | C94: Riverview | D94: Wayne | E94: Public | F94: 4 | G94: =VLOOKUP(B94, 'Slope Ratings'!$A$2:$C$147, 2, TRUE) -> 0 | H94: 477 | J94: 42.637783 | K94: -83.371832 | L94: =INDEX('course_coordinates (1)'!$D$2:$D$145,MATCH('Main Data'!N86,'course_coordinates (1)'!$A$2:$A$145,0)) -> 42.637783 | M94: =INDEX('course_coordinates (1)'!$E$2:$E$145,MATCH('Main Data'!N86,'course_coordinates (1)'!$A$2:$A$145,0)) -> -83.371832 | N94: Rouge Park Golf Course
A95: 103 | B95: Rouge Park | C95: Detroit | D95: Wayne | E95: Public | F95: 4.2 | G95: =VLOOKUP(B95, 'Slope Ratings'!$A$2:$C$147, 2, TRUE) -> 0 | H95: 380 | J95: 42.53131 | K95: -83.247603 | L95: =INDEX('course_coordinates (1)'!$D$2:$D$145,MATCH('Main Data'!N61,'course_coordinates (1)'!$A$2:$A$145,0)) -> 42.53131 | M95: =INDEX('course_coordinates (1)'!$E$2:$E$145,MATCH('Main Data'!N61,'course_coordinates (1)'!$A$2:$A$145,0)) -> -83.247603 | N95: Royal Oak Golf Course
A96: 47 | B96: Royal Oak | C96: Royal Oak | D96: Oakland | E96: Public | F96: 3.5 | G96: =VLOOKUP(B96, 'Slope Ratings'!$A$2:$C$147, 2, TRUE) -> 0 | H96: 189 | J96: 42.618541 | K96: -83.302098 | L96: =INDEX('course_coordinates (1)'!$D$2:$D$145,MATCH('Main Data'!N112,'course_coordinates (1)'!$A$2:$A$145,0)) -> 42.618541 | M96: =INDEX('course_coordinates (1)'!$E$2:$E$145,MATCH('Main Data'!N112,'course_coordinates (1)'!$A$2:$A$145,0)) -> -83.302098 | N96: Salem Hills Golf Club
A97: 76 | B97: Salem Hills | C97: Northville | D97: Wayne | E97: Public | F97: 4.2 | G97: =VLOOKUP(B97, 'Slope Ratings'!$A$2:$C$147, 2, TRUE) -> 0 | H97: 346 | J97: 42.514543 | K97: -83.353785 | L97: =INDEX('course_coordinates (1)'!$D$2:$D$145,MATCH('Main Data'!N36,'course_coordinates (1)'!$A$2:$A$145,0)) -> 42.514543 | M97: =INDEX('course_coordinates (1)'!$E$2:$E$145,MATCH('Main Data'!N36,'course_coordinates (1)'!$A$2:$A$145,0)) -> -83.353785 | N97: Scalawags Golf Club
A98: 83 | B98: Sanctuary Lake | C98: Troy | D98: Oakland | E98: Public | F98: 3.9 | G98: =VLOOKUP(B98, 'Slope Ratings'!$A$2:$C$147, 2, TRUE) -> 0 | H98: 460 | J98: 42.373478 | K98: -83.247219 | L98: =INDEX('course_coordinates (1)'!$D$2:$D$145,MATCH('Main Data'!N94,'course_coordinates (1)'!$A$2:$A$145,0)) -> 42.373478 | M98: =INDEX('course_coordinates (1)'!$E$2:$E$145,MATCH('Main Data'!N94,'course_coordinates (1)'!$A$2:$A$145,0)) -> -83.247219 | N98: Selfridge Golf Course
A99: 12 | B99: Selfridge | C99: Selfridge ANGB | D99: Macomb | E99: Public | F99: 4.5 | G99: =VLOOKUP(B99, 'Slope Ratings'!$A$2:$C$147, 2, TRUE) -> 0 | H99: 44 | J99: 42.533127 | K99: -83.234329 | L99: =INDEX('course_coordinates (1)'!$D$2:$D$145,MATCH('Main Data'!#REF!,'course_coordinates (1)'!$A$2:$A$145,0)) -> #REF! | M99: =INDEX('course_coordinates (1)'!$E$2:$E$145,MATCH('Main Data'!#REF!,'course_coordinates (1)'!$A$2:$A$145,0)) -> #REF! | N99: Shenandoah Country Club
A100: 79 | B100: Shenandoah | C100: West Bloomfield Township | D100: Oakland | E100: Private | F100: 4.4 | G100: =VLOOKUP(B100, 'Slope Ratings'!$A$2:$C$147, 2, TRUE) -> 0 | H100: 558 | J100: 42.689617 | K100: -82.942924 | L100: =INDEX('course_coordinates (1)'!$D$2:$D$145,MATCH('Main Data'!N128,'course_coordinates (1)'!$A$2:$A$145,0)) -> 42.689617 | M100: =INDEX('course_coordinates (1)'!$E$2:$E$145,MATCH('Main Data'!N128,'course_coordinates (1)'!$A$2:$A$145,0)) -> -82.942924 | N100: Shepherd's Hollow Golf Club
...

Sheet County
A1: Golf Course | B1: County
A2: Bay Pointe | B2: Oakland
A3: Beacon Hill | B3: Oakland
A4: Bee Tee | B4: Macomb
A5: Bello Woods | B5: Macomb
A6: Birmingham CC | B6: Oakland
A7: Blackheath | B7: Oakland
A8: Bloomfield Hills CC | B8: Oakland
A9: Boulder Pointe | B9: Oakland
A10: Brae Burn | B10: Wayne
A11: Brentwood | B11: Oakland
A12: Brookwood | B12: Oakland
... A131: Wyandotte Shores | B131: Wayne

Sheet course_coordinates (1)
A1: course | B1: city | C1: county | D1: latitude | E1: longitude | F1: notes
A2: Cedar Glen Golf and Outing | B2: New Baltimore | C2: Macomb | D2: 42.705367 | E2: -82.747159
A3: Fern Hill Golf Club | B3: Clinton Township | C3: Macomb | D3: 42.582209 | E3: -82.942197
A4: Glacier Club | B4: Washington | C4: Macomb | D4: 42.735314 | E4: -83.038512
A5: Greystone Golf Club | B5: Washington | C5: Macomb | D5: 42.792332 | E5: -83.057266
A6: Maple Lane Golf Club | B6: Sterling Heights | C6: Macomb | D6: 42.537973 | E6: -83.007485
A7: Marsh Oaks Golf Club | B7: New Haven | C7: Macomb | D7: 42.723057 | E7: -82.75711
A8: Pine Valley Golf & Country Club | B8: Ray | C8: Macomb | D8: 42.790962 | E8: -82.959465
A9: Plum Brook Golf Club | B9: Sterling Heights | C9: Macomb | D9: 42.573854 | E9: -82.992733
A10: Rammler Golf Club | B10: Sterling Heights | C10: Macomb | D10: 42.57848 | E10: -82.986638
A11: Stony Creek Metropark Golf Course | B11: Shelby Township | C11: Macomb | D11: 42.717414 | E11: -83.10817
A12: Warfield Greens Golf Club | B12: Fraser | C12: Macomb | D12: 42.548214 | E12: -82.958743
A13: Selfridge Golf Course | B13: Selfridge ANGB | C13: Macomb | D13: 42.601828 | E13: -82.809727
... A76: Brae Burn Golf Club | B76: Plymouth Township | C76: Wayne* | D76: 42.391292 | E76: -83.551051
A77: Woodside Meadows | B77: Romulus | C77: Wayne | D77: 42.153229 | E77: -83.305986 | F77: Coords from clubhouse/restaurant listing
A78: Salem Hills Golf Club | B78: Northville | C78: Washtenaw | D78: 42.40484 | E78: -83.591614 | F78: Address is Northville but course is in Washtenaw County
A79: Water's Edge Golf Course | B79: Grosse Ile Township | C79: Wayne | D79: 42.125107 | E79: -83.172485
A80: Downing Farms Golf Course | B80: Northville | C80: Wayne* | D80: 42.418376 | E80: -83.604452
A81: Shenandoah Country Club | B81: West Bloomfield Township | C81: Oakland | D81: 42.557175 | E81: -83.397873
A82: Tam O'Shanter Country Club | B82: West Bloomfield Township | C82: Oakland | D82: 42.564381 | E82: -83.354633 | F82: Coords from pro shop listing - accurate location
A83: Katke-Cousins Golf Course | B83: Rochester Hills | C83: Oakland | D83: 42.664303 | E83: -83.20357
A84: Bee Tee Golf Course | B84: Macomb | C84: Macomb | D84: 42.647578 | E84: -82.88073
A85: Scalawags Golf Club | B85: New Baltimore | C85: Macomb | D85: 42.682432 | E85: -82.850882 | F85: CLOSED per Google reviews
A86: Tanglewood Golf Club | B86: South Lyon | C86: Oakland | D86: 42.455079 | E86: -83.578208
A87: Romeo Golf & Country Club | B87: Washington | C87: Macomb | D87: 42.796393 | E87: -82.986443 | F87: VERIFY - Google listing shows possibly closed
A88: Red Oaks Golf Course | B88: Madison Heights | C88: Oakland | D88: 42.509387 | E88: -83.105302
A89: Fox Hills Golf & Banquet Center | D89: 42.362859 | E89: -83.593107
A90: Northville Hills Golf Club | D90: 42.400437 | E90: -83.495901
A91: Links of Novi | D91: 42.46279 | E91: -83.543695
A92: Hilltop Golf Course | D92: 42.3656 | E92: -83.504639
A93: Farmington Hills Golf Club | D93: 42.482576 | E93: -83.419117
A94: Maples Golf Club | D94: 42.525915 | E94: -83.458842
A95: Copper Creek Golf Course | D95: 42.498356 | E95: -83.424146
A96: Glen Oaks Golf Course | D96: 42.514367 | E96: -83.352646
A97: Fox Creek Golf Course | D97: 42.427213 | E97: -83.398248
A98: Whispering Willows Golf Course | D98: 42.437731 | E98: -83.412829
A99: Glenhurst Golf Course | D99: 42.41393 | E99: -83.290976
A100: Western Golf & Country Club | D100: 42.393538 | E100: -83.299947
... A145: Somerset Golf Club | D145: 42.558334 | E145: -83.180168

Sheet Google Ratings
A1: course | B1: google_rating | C1: google_reviews
A2: Bay Pointe Golf Club | B2: 3.9 | C2: 212
A3: Beacon Hill Golf Club | B3: 4.3 | C3: 283
A4: Bee Tee Golf Course | B4: 3.7 | C4: 233
A5: Bello Woods Golf Course | B5: 3.9 | C5: 403
A6: Birmingham Country Club | B6: 4.7 | C6: 178
A7: Blackheath Golf Club | B7: 3.7 | C7: 377
A8: Bloomfield Hills Country Club | B8: 4.4 | C8: 122
A9: Boulder Pointe Golf Club | B9: 4.3 | C9: 503
A10: Brae Burn Golf Club | B10: 3.7 | C10: 243
A11: Brentwood Golf Club | B11: 4.1 | C11: 214
A12: Brookwood | B12: 4.6 | C12: 52
A13: Bruce Hills Public Golf Course | B13: 3.8 | C13: 186
... A38: Gateway Golf Club | B38: 4.2 | C38: 502
A39: Glacier Club
A40: Glen Oaks Golf Course | B40: 4.4 | C40: 255
A41: Glenhurst Golf Course | B41: 4.3 | C41: 407
A42: Gowanie Golf Club | B42: 4.7 | C42: 132
A43: Great Oaks Country Club | B43: 4.6 | C43: 197
A44: Greystone Golf Club | B44: 4.4 | C44: 647
A45: Grosse Ile Golf & Country Club | B45: 4.6 | C45: 182
A46: Grosse Pointe Club (Little Club) | B46: 4.5 | C46: 43
A47: Heather Highlands Golf Club | B47: 2.8 | C47: 170
A48: Heather Hills Golf Club | B48: 4.5 | C48: 331
A49: Heathers Club of Bloomfield | B49: 4.6 | C49: 282
A50: Hickory Hill Golf Course | B50: 4 | C50: 126
A51: Hickory Hollow Golf Club | B51: 4.1 | C51: 378
... A128: Wyandotte Shores Golf Course | B128: 4.4 | C128: 207

Sheet Slope Ratings
A1: Golf Course | B1: Highest/Championship Tee Slope | C1: Standard/Forward Tee Slope
A2: Bello Woods Golf Course | B2: 121 | C2: 110 | D2: =VLOOKUP(A2, 'Main Data'!#REF!, 1, FALSE) -> #REF!
A3: Bruce Hills Public Golf Course | B3: 117 | C3: 106 | D3: =VLOOKUP(A3, 'Main Data'!#REF!, 1, FALSE) -> #REF!
A4: Cedar Glen Golf and Outing | B4: 124 | C4: 116 | D4: =VLOOKUP(A4, 'Main Data'!#REF!, 1, FALSE) -> #REF!
A5: Cherry Creek Golf Club | B5: 139 | C5: 124 | D5: =VLOOKUP(A5, 'Main Data'!#REF!, 1, FALSE) -> #REF!
A6: Fern Hill Golf Club | B6: 122 | C6: 112 | D6: =VLOOKUP(A6, 'Main Data'!#REF!, 1, FALSE) -> #REF!
A7: Glacier Club | B7: 139 | C7: N/A | D7: =VLOOKUP(A7, 'Main Data'!#REF!, 1, FALSE) -> #REF!
A8: Greystone Golf Club | B8: 143 | C8: 139 | D8: =VLOOKUP(A8, 'Main Data'!#REF!, 1, FALSE) -> #REF!
A9: Maple Lane Golf Club | B9: NA | C9: 111 | D9: =VLOOKUP(A9, 'Main Data'!#REF!, 1, FALSE) -> #REF!
A10: Pine Valley Golf & Country Club | B10: 122 | C10: 121 | D10: =VLOOKUP(A10, 'Main Data'!#REF!, 1, FALSE) -> #REF!
A11: Plum Brook Golf Club | B11: 127 | C11: 117 | D11: =VLOOKUP(A11, 'Main Data'!#REF!, 1, FALSE) -> #REF!
A12: Stony Creek Metropark Golf Course | B12: 131 | C12: 126 | D12: =VLOOKUP(A12, 'Main Data'!#REF!, 1, FALSE) -> #REF!
A13: Selfridge Golf Course | B13: 128 | C13: 122 | D13: =VLOOKUP(A13, 'Main Data'!#REF!, 1, FALSE) -> #REF!
A14: Coyote Golf Club | B14: 141 | C14: 133 | D14: =VLOOKUP(A14, 'Main Data'!#REF!, 1, FALSE) -> #REF!
A15: Cracklewood Golf Club | B15: 127 | C15: 121 | D15: =VLOOKUP(A15, 'Main Data'!#REF!, 1, FALSE) -> #REF!
A16: Heather Hills Golf Club | B16: 120 | C16: 113 | D16: =VLOOKUP(A16, 'Main Data'!#REF!, 1, FALSE) -> #REF!
A17: Hickory Hollow Golf Club | B17: 121 | C17: 114 | D17: =VLOOKUP(A17, 'Main Data'!#REF!, 1, FALSE) -> #REF!
A18: Sycamore Hills Golf Club | B18: 126 | C18: 118 | D18: =VLOOKUP(A18, 'Main Data'!#REF!, 1, FALSE) -> #REF!
A19: The Orchards Golf Club | B19: 136 | C19: 128 | D19: =VLOOKUP(A19, 'Main Data'!#REF!, 1, FALSE) -> #REF!
A20: Gowanie Golf Club | B20: 130 | C20: 124 | D20: =VLOOKUP(A20, 'Main Data'!#REF!, 1, FALSE) -> #REF!
A21: Birmingham Country Club | B21: 135 | C21: 129 | D21: =VLOOKUP(A21, 'Main Data'!#REF!, 1, FALSE) -> #REF!
... A65: Springdale Golf Course | B65: 115 | C65: 107 | D65: =VLOOKUP(A65, 'Main Data'!#REF!, 1, FALSE) -> #REF!
A66: Little Myth Par 3 Golf Course | B66: N/A | C66: N/A | D66: =VLOOKUP(A66, 'Main Data'!#REF!, 1, FALSE) -> #REF!
A67: Copper Creek Golf Course | B67: 122 | C67: 114 | D67: =VLOOKUP(A67, 'Main Data'!#REF!, 1, FALSE) -> #REF!
A68: Evergreen Hills Golf Course | B68: 115 | C68: 108 | D68: =VLOOKUP(A68, 'Main Data'!#REF!, 1, FALSE) -> #REF!
A69: Farmington Hills Golf Club | B69: 126 | C69: 118 | D69: =VLOOKUP(A69, 'Main Data'!#REF!, 1, FALSE) -> #REF!
A70: Hampton Golf Club | B70: N/A | C70: N/A | D70: =VLOOKUP(A70, 'Main Data'!#REF!, 1, FALSE) -> #REF!
A71: Lincoln Hills Golf Course | B71: 118 | C71: 110 | D71: =VLOOKUP(A71, 'Main Data'!#REF!, 1, FALSE) -> #REF!
A72: Links of Novi | B72: 136 | C72: 127 | D72: =VLOOKUP(A72, 'Main Data'!#REF!, 1, FALSE) -> #REF!
A73: Maples Golf Club | B73: 120 | C73: 112 | D73: =VLOOKUP(A73, 'Main Data'!#REF!, 1, FALSE) -> #REF!
A74: Pine Trace Golf Club | B74: 137 | C74: 129 | D74: =VLOOKUP(A74, 'Main Data'!#REF!, 1, FALSE) -> #REF!
A75: Rackham Golf Course | B75: 122 | C75: 115 | D75: =VLOOKUP(A75, 'Main Data'!#REF!, 1, FALSE) -> #REF!
A76: Sanctuary Lake Golf Course | B76: 131 | C76: 123 | D76: =VLOOKUP(A76, 'Main Data'!#REF!, 1, FALSE) -> #REF!
A77: Somerset Golf Club | B77: 115 | C77: 107 | D77: =VLOOKUP(A77, 'Main Data'!#REF!, 1, FALSE) -> #REF!
A78: Sylvan Glen Golf Course | B78: 121 | C78: 114 | D78: =VLOOKUP(A78, 'Main Data'!#REF!, 1, FALSE) -> #REF!
A79: Oakhurst Golf & Country Club | B79: 140 | C79: 132 | D79: =VLOOKUP(A79, 'Main Data'!#REF!, 1, FALSE) -> #REF!
A80: Paint Creek Country Club | B80: 135 | C80: 127 | D80: =VLOOKUP(A80, 'Main Data'!#REF!, 1, FALSE) -> #REF!
A81: Prestwick Village Golf Club | B81: 139 | C81: 131 | D81: =VLOOKUP(A81, 'Main Data'!#REF!, 1, FALSE) -> #REF!
A82: Twin Lakes Golf Club | B82: 133 | C82: 125 | D82: =VLOOKUP(A82, 'Main Data'!#REF!, 1, FALSE) -> #REF!
... A106: Grosse Ile Golf & Country Club | B106: 134 | C106: 127 | D106: =VLOOKUP(A106, 'Main Data'!#REF!, 1, FALSE) -> #REF!
A107: Bushwood Golf Course | B107: N/A | C107: N/A | D107: =VLOOKUP(A107, 'Main Data'!#REF!, 1, FALSE) -> #REF!
A108: Fox Hills Golf & Banquet Center | B108: 133 | C108: 125 | D108: =VLOOKUP(A108, 'Main Data'!#REF!, 1, FALSE) -> #REF!
A109: Hilltop Golf Course | B109: 127 | C109: 119 | D109: =VLOOKUP(A109, 'Main Data'!#REF!, 1, FALSE) -> #REF!
A110: Northville Hills Golf Club | B110: 140 | C110: 132 | D110: =VLOOKUP(A110, 'Main Data'!#REF!, 1, FALSE) -> #REF!
A111: Dearborn Hills | C111: 100 | D111: =VLOOKUP(A111, 'Main Data'!#REF!, 1, FALSE) -> #REF!
A112: Meadowbrook Country Club | C112: 142 | D112: =VLOOKUP(A112, 'Main Data'!#REF!, 1, FALSE) -> #REF!
A113: The Cardinal | C113: 137 | D113: =VLOOKUP(A113, 'Main Data'!#REF!, 1, FALSE) -> #REF!
A114: Willow Metropark Golf Course | C114: 128 | D114: =VLOOKUP(A114, 'Main Data'!#REF!, 1, FALSE) -> #REF!
A115: Inkster Valley Golf Course | C115: 133 | D115: =VLOOKUP(A115, 'Main Data'!#REF!, 1, FALSE) -> #REF!
A116: Taylor Meadows Golf Club | C116: 124 | D116: =VLOOKUP(A116, 'Main Data'!#REF!, 1, FALSE) -> #REF!
A117: Gateway Golf Club | C117: 128 | D117: =VLOOKUP(A117, 'Main Data'!#REF!, 1, FALSE) -> #REF!
A118: Brae Burn Golf Club | C118: 123 | D118: =VLOOKUP(A118, 'Main Data'!#REF!, 1, FALSE) -> #REF!
A119: Woodside Meadows | C119: 120 | D119: =VLOOKUP(A119, 'Main Data'!#REF!, 1, FALSE) -> #REF!
A120: Salem Hills Golf Club | C120: 124 | D120: =VLOOKUP(A120, 'Main Data'!#REF!, 1, FALSE) -> #REF!
A121: Water's Edge Golf Course | C121: 116 | D121: =VLOOKUP(A121, 'Main Data'!#REF!, 1, FALSE) -> #REF!
A122: Downing Farms Golf Course | C122: 115 | D122: =VLOOKUP(A122, 'Main Data'!#REF!, 1, FALSE) -> #REF!
... A129: Red Oaks Golf Course | C129: 103 | D129: =VLOOKUP(A129, 'Main Data'!#REF!, 1, FALSE) -> #REF!
A130: Marsh Oaks Golf Club | C130: 131
A131: Warfield Greens Golf Club | C131: 70
A132: Inkster Valley Golf Course | C132: 130
A133: Shepherd's Hollow | C133: 145
A134: Silver Lake Golf Club | C134: 125
A135: Grosse Ile Golf & Country Club | C135: 129
A136: Golf Club | C136: 125
A137: Salem Hills Golf Club | C137: 125
A138: The Cardinal | C138: 137
A139: Indian Springs Metropark Golf | C139: 123
A140: Chandler Park Golf Course | C140: 120
A141: Red Oaks Golf Course | C141: 108
... A147: White Lake Oaks Golf Course | C147: 111

Sheet Courses
A1: course_id | B1: name | C1: city | D1: county (auto) | E1: address | F1: latitude | G1: longitude | H1: google_rating | I1: google_reviews | J1: phone | K1: place_id | L1: type_provisional VERIFY | M1: holes | N1: par | O1: year_built | P1: architect | Q1: mgmt_company | R1: usga_course_rating | S1: usga_slope | T1: yardage_back_tees | U1: notes | V1: price_tier_PROVISIONAL
A2: GC001 | B2: Fox Hills Golf & Banquet Center | C2: Plymouth | D2: Washtenaw | E2: 8768 N Territorial Rd, Plymouth, MI 48170 | F2: 42.362859 | G2: -83.593107 | H2: 4.6 | I2: 1066 | J2: +1 734-453-7272 | K2: ChIJjWOjHaaqPIgR12NC271dU8E | L2: Public/Muni | M2: 18 | N2: 72 | O2: 1989 | P2: Arthur Hills | Q2: Heritage Golf Group | R2: 73.6 | S2: 137 | T2: 6783 | U2: Golden Fox (rated course); 63 holes total/3 courses; back-tee rating | V2: Premium (est)
A3: GC002 | B3: Northville Hills Golf Club | C3: Northville | D3: Wayne* | E3: 15565 Bay Hill Dr, Northville, MI 48168 | F3: 42.400437 | G3: -83.495901 | H3: 4.4 | I3: 490 | J3: +1 734-667-4653 | K3: ChIJO_OAko-sJIgRdCwWBiYnM-Q | L3: Public/Muni | M3: 18 | N3: 72 | O3: 2000 | P3: Arnold Palmer/Ed Seay | Q3: Wilson Golf Group | R3: 72.2 | S3: 132 | T3: 7003 | U3: back-tee; GolfPass lists 73.0/138 | V3: Premium (est)
A4: GC003 | B4: Links of Novi | C4: Novi | D4: Oakland | E4: 50395 W 10 Mile Rd, Novi, MI 48374 | F4: 42.46279 | G4: -83.543695 | H4: 4.2 | I4: 195 | J4: +1 248-380-9595 | K4: ChIJZ1YbznapJIgRBi7bF39kAlk | L4: Public/Muni | V4: Mid (est)
A5: GC004 | B5: Hilltop Golf Course | C5: Plymouth | D5: Wayne* | E5: 47000 Powell Rd, Plymouth, MI 48170 | F5: 42.3656 | G5: -83.504639 | H5: 3.7 | I5: 312 | J5: +1 734-453-9800 | K5: ChIJHxAyAlVTO4gRcKM_JlD_JQY | L5: Public/Muni | V5: Value (est)
A6: GC005 | B6: Farmington Hills Golf Club | C6: Farmington Hills | D6: Oakland | E6: 37777 11 Mile Ct, Farmington Hills, MI 48335 | F6: 42.482576 | G6: -83.419117 | H6: 4.2 | I6: 508 | J6: +1 248-473-1866 | K6: ChIJGVHo4yuwJIgRm4dX5W1PEgo | L6: Public/Muni | V6: Mid (est)
A7: GC006 | B7: Maples Golf Club | C7: Novi | D7: Oakland | E7: 31260 Wakefield Dr, Novi, MI 48377 | F7: 42.525915 | G7: -83.458842 | H7: 4.1 | I7: 205 | J7: +1 248-896-2765 | K7: ChIJtQo7UXmlJIgReC8qeci1x5s | L7: Public/Muni | V7: Value (est)
A8: GC007 | B8: Copper Creek Golf Course | C8: Farmington Hills | D8: Oakland | E8: 27925 Golf Pointe Blvd, Farmington Hills, MI 48331 | F8: 42.498356 | G8: -83.424146 | H8: 4.2 | I8: 205 | J8: +1 248-489-1777 | K8: ChIJPWtD7RSvJIgRhngiR9Lzris | L8: Public/Muni | V8: Mid (est)
A9: GC008 | B9: Glen Oaks Golf Course | C9: Farmington Hills | D9: Oakland | E9: 30500 W 13 Mile Rd, Farmington Hills, MI 48334 | F9: 42.514367 | G9: -83.352646 | H9: 4.4 | I9: 253 | J9: +1 248-851-8356 | K9: ChIJfbuszAu6JIgRkQv3A5yLIqA | L9: Public/Muni | V9: Mid (est)
A10: GC009 | B10: Fox Creek Golf Course | C10: Livonia | D10: Wayne | E10: 36000 7 Mile, Livonia, MI 48152 | F10: 42.427213 | G10: -83.398248 | H10: 4.4 | I10: 423 | J10: +1 248-471-3400 | K10: ChIJf9Olgj2yJIgR88LX0eoZBtY | L10: Public/Muni | V10: Mid (est)
A11: GC010 | B11: Whispering Willows Golf Course | C11: Livonia | D11: Wayne | E11: 20500 Newburgh Rd, Livonia, MI 48152 | F11: 42.437731 | G11: -83.412829 | H11: 4.2 | I11: 362 | J11: +1 248-476-4493 | K11: ChIJv4yllhyyJIgRebVlXt8UjeI | L11: Public/Muni | V11: Mid (est)
A12: GC011 | B12: Glenhurst Golf Course | C12: Redford Township | D12: Wayne | E12: 25345 W 6 Mile Rd, Redford Township, MI 48240 | F12: 42.41393 | G12: -83.290976 | H12: 4.3 | I12: 405 | J12: +1 313-592-8758 | K12: ChIJHR6597S1JIgR6e75-64nhWY | L12: Public/Muni | V12: Value (est)
A13: GC012 | B13: Western Golf & Country Club | C13: Redford Township | D13: Wayne | E13: 14600 Kinloch St, Redford Township, MI 48239 | F13: 42.393538 | G13: -83.299947 | H13: 4.6 | I13: 214 | J13: +1 313-531-1240 | K13: ChIJKQ2AIFa0JIgR3ZOV_aXnOqI | L13: VERIFY | V13: Private (verify)
A14: GC013 | B14: Idyl Wyld Golf Course | C14: Livonia | D14: Wayne | E14: 35786 Five Mile Rd, Livonia, MI 48154 | F14: 42.397714 | G14: -83.396898 | H14: 3.8 | I14: 405 | J14: +1 734-464-6325 | K14: ChIJ82OfVF-yJIgRaJJ7Y7hw02w | L14: Public/Muni | V14: Value (est)
A15: GC014 | B15: Warren Valley Golf Course | C15: Dearborn Heights | D15: Wayne | E15: 26140 W Warren St, Dearborn Heights, MI 48127 | F15: 42.340947 | G15: -83.296723 | H15: 4 | I15: 527 | J15: +1 313-989-0135 | K15: ChIJd3oD0SZLO4gRJsgS8aTAtlA | L15: Public/Muni | V15: Value (est)
A16: GC015 | B16: TPC Michigan | C16: Dearborn | D16: Wayne | E16: 1 Nicklaus Dr, Dearborn, MI 48120 | F16: 42.306408 | G16: -83.200866 | H16: 4.6 | I16: 337 | J16: +1 313-436-3000 | K16: ChIJQaXCU1o0O4gR4ip3rVHm5Zo | L16: Private | M16: 18 | N16: 72 | O16: 1990 | P16: Jack Nicklaus | Q16: Invited (ClubCorp) | R16: 75.1 | S16: 148 | T16: 7071 | U16: private (resolved from VERIFY) | V16: Private
A17: GC016 | B17: Plum Hollow Country Club | C17: Southfield | D17: Oakland | E17: 21631 Lahser Rd, Southfield, MI 48033 | F17: 42.451144 | G17: -83.262468 | H17: 4.5 | I17: 242 | J17: +1 248-357-5353 | K17: ChIJEy7sqz22JIgRx4KqgGwskkw | L17: Private | V17: Private
A18: GC017 | B18: Rouge Park Golf Course | C18: Detroit | D18: Wayne | E18: 11701 Burt Rd, Detroit, MI 48228 | F18: 42.373478 | G18: -83.247219 | H18: 4.2 | I18: 380 | J18: +1 313-837-5900 | K18: ChIJVYlUQZ_KJIgRQIqLn-QWCgI | L18: Public/Muni | V18: Mid (fee)
A19: GC018 | B19: Chandler Park Golf Course | C19: Detroit | D19: Wayne | E19: 12801 Chandler Park Dr, Detroit, MI 48213 | F19: 42.397154 | G19: -82.97287 | H19: 4.2 | I19: 298 | J19: +1 313-331-7755 | K19: ChIJm7--0gHVJIgRPEa6H5uVJF4 | L19: Public/Muni | V19: Mid (fee)
A20: GC019 | B20: Evergreen Hills Golf Course | C20: Southfield | D20: Oakland | E20: 26000 Evergreen Rd, Southfield, MI 48076 | F20: 42.479117 | G20: -83.235713 | H20: 4 | I20: 195 | J20: +1 248-796-4666 | K20: ChIJ906KSTvIJIgRZJwIT0kVhM0 | L20: Public/Muni | V20: Value (est)
A21: GC020 | B21: Rackham Golf Course | C21: Huntington Woods | D21: Oakland | E21: 10100 W 10 Mile Rd, Huntington Woods, MI 48070 | F21: 42.476184 | G21: -83.163585 | H21: 3.7 | I21: 328 | J21: +1 248-543-4040 | K21: ChIJSd7SN33JJIgR4jhl_87GeUA | L21: Public/Muni | V21: Value (est)
A22: GC021 | B22: Lakes of Taylor Golf Course | C22: Taylor | D22: Wayne | E22: 25505 Northline Rd, Taylor, MI 48180 | F22: 42.209915 | G22: -83.283211 | H22: 4.3 | I22: 531 | J22: +1 734-287-2100 | K22: ChIJ8xEkxWVIO4gRYWuosy1hGe4 | L22: Public/Muni | V22: Mid (est)
A23: GC022 | B23: Detroit Golf Club | C23: Detroit | D23: Wayne | E23: 17911 Hamilton Rd, Detroit, MI 48203 | F23: 42.42628 | G23: -83.126246 | H23: 4.7 | I23: 605 | J23: +1 313-345-4400 | K23: ChIJbTJlSoDOJIgRkRStx64bV5M | L23: Private | M23: 36 | N23: 72 | O23: 1916 | P23: Donald Ross | R23: 73.6 | T23: 6936 | U23: North course; 36 holes; club est. 1899 | V23: Private
A24: GC023 | B24: Lincoln Hills Golf Course | C24: Birmingham | D24: Oakland | E24: 2666 W 14 Mile Rd, Birmingham, MI 48009 | F24: 42.53131 | G24: -83.247603 | H24: 4.4 | I24: 155 | J24: +1 248-530-1670 | K24: ChIJRaFGdInHJIgRCYMHNuZs6wQ | L24: Public/Muni | V24: Value (est)
A25: GC024 | B25: Stonebridge Golf Club | C25: Ann Arbor | D25: Washtenaw | E25: 1825 Clubhouse Dr, Ann Arbor, MI 48108 | F25: 42.210417 | G25: -83.764593 | H25: 4.6 | I25: 495 | J25: +1 734-429-8383 | K25: ChIJkTJkerO6PIgRwUnVaV_Hbcc | L25: Public/Muni | M25: 18 | N25: 72 | O25: 1991 | P25: Arthur Hills | Q25: independent (co-owner GM) | R25: 74.2 | S25: 135 | T25: 6932 | U25: back-tee; slope 131-135 varies by source | V25: Premium (est)
A26: GC025 | B26: Huron Hills Golf Course | C26: Ann Arbor | D26: Washtenaw | E26: 3465 E Huron River Dr, Ann Arbor, MI 48104 | F26: 42.271637 | G26: -83.696794 | H26: 4.1 | I26: 184 | J26: +1 734-794-6246 | K26: ChIJ2Q0y3NyuPIgRR7_UGrj7EYg | L26: Public/Muni | V26: Mid (fee)
A27: GC026 | B27: Leslie Park Golf Course | C27: Ann Arbor | D27: Washtenaw | E27: 2120 Traver Rd, Ann Arbor, MI 48105 | F27: 42.302699 | G27: -83.725076 | H27: 4.4 | I27: 390 | J27: +1 734-794-6245 | K27: ChIJtbFvo9OtPIgRmJaBmysLZXI | L27: Public/Muni | V27: Mid (fee)
A28: GC027 | B28: Washtenaw Golf Club | C28: Ypsilanti | D28: Washtenaw | E28: 2955 Packard St, Ypsilanti, MI 48197 | F28: 42.25233 | G28: -83.659152 | H28: 4.5 | I28: 296 | J28: +1 734-434-2150 | K28: ChIJtyZlRMKoPIgRtS6VGN8A8Us | L28: Public/Muni | V28: Mid (est)
A29: GC028 | B29: University of Michigan Golf Course | C29: Ann Arbor | D29: Washtenaw | E29: 500 E Stadium Blvd, Ann Arbor, MI 48104 | F29: 42.262821 | G29: -83.743736 | H29: 4.6 | I29: 361 | J29: +1 734-615-4653 | K29: ChIJvfjVlMuvPIgR43RxgKMGHVU | L29: VERIFY | V29: Premium (est)
A30: GC029 | B30: Eagle Crest Golf Club | C30: Ypsilanti | D30: Washtenaw | E30: 1201 S Huron St, Ypsilanti, MI 48197 | F30: 42.225658 | G30: -83.611868 | H30: 4.4 | I30: 741 | J30: +1 734-487-2441 | K30: ChIJFfHKCnKoPIgRZ160_Hi5t6U | L30: Public/Muni | V30: Premium (est)
A31: GC030 | B31: Lake Forest Golf Club | C31: Ann Arbor | D31: Washtenaw | E31: 3110 W Ellsworth Rd, Ann Arbor, MI 48103 | F31: 42.230116 | G31: -83.783347 | H31: 4.3 | I31: 198 | J31: +1 734-994-8580 | K31: ChIJ7SEgl3OwPIgRGEfFqSYHRi4 | L31: Public/Muni | V31: Mid (est)
A32: GC031 | B32: Green Oaks Golf Course | C32: Ypsilanti | D32: Washtenaw | E32: 1775 E Clark Rd, Ypsilanti, MI 48198 | F32: 42.259149 | G32: -83.570399 | H32: 4.1 | I32: 294 | J32: +1 734-485-0881 | K32: ChIJz3oFXjZWO4gR9_Azug-jmA0 | L32: Public/Muni | V32: Value (est)
A33: GC032 | B33: Pine View Golf Course | C33: Ypsilanti | D33: Washtenaw | E33: 5820 Stony Creek Rd, Ypsilanti, MI 48197 | F33: 42.205247 | G33: -83.624504 | H33: 3.8 | I33: 341 | J33: +1 734-481-0500 | K33: ChIJLUqD-cSnPIgRF913Oxgko-w | L33: Public/Muni | V33: Mid (fee)
A34: GC033 | B34: Brookside Golf Course-Saline | C34: Saline | D34: Washtenaw | E34: 6451 Ann Arbor-Saline Rd, Saline, MI 48176 | F34: 42.191813 | G34: -83.79419 | H34: 4.2 | I34: 156 | J34: +1 734-429-4276 | K34: ChIJA-slXvu6PIgRF6YxJOoGa9I | L34: Public/Muni | V34: Value (est)
A35: GC034 | B35: Red Run Golf Club | C35: Royal Oak | D35: Oakland | E35: 2036 S Rochester Rd, Royal Oak, MI 48073 | F35: 42.50678 | G35: -83.142343 | H35: 4.6 | I35: 266 | J35: +1 248-548-7500 | K35: ChIJ2zC28Y7FJIgRu9j7lDL1Azc | L35: Private | V35: Private
A36: GC035 | B36: Stonycroft Hills Club | C36: Bloomfield Hills | D36: Oakland | E36: 1960 Stonycroft Ln, Bloomfield Hills, MI 48304 | F36: 42.589331 | G36: -83.240407 | H36: 4.8 | I36: 41 | K36: ChIJP0kcOazAJIgRTonCavOrAxk | L36: Private | V36: Private
A37: GC036 | B37: Bloomfield Hills Country Club | C37: Bloomfield Hills | D37: Oakland | E37: 350 W Long Lake Rd, Bloomfield Hills, MI 48304 | F37: 42.582906 | G37: -83.252639 | H37: 4.4 | I37: 121 | J37: +1 248-644-6262 | K37: ChIJO-NnK6q4JIgRsMEDTVhrT3s | L37: Private | M37: 18 | N37: 72 | O37: 1913 | P37: Harry Colt | R37: 72.5 | S37: 129 | T37: 6711 | V37: Private
A38: GC037 | B38: The Wyndgate Country Club | C38: Rochester Hills | D38: Oakland | E38: 1975 W Gunn Rd, Rochester Hills, MI 48306 | F38: 42.7387 | G38: -83.182082 | H38: 4.6 | I38: 269 | J38: +1 248-652-4283 | K38: ChIJXePi5vbrJIgRUzyCv4pMgPc | L38: Private | V38: Private
A39: GC038 | B39: Glen Oaks Country Club | C39: Farmington Hills | D39: Oakland | E39: 30500 W 13 Mile Rd, Farmington Hills, MI 48334 | F39: 42.514543 | G39: -83.353785 | H39: 4.5 | I39: 259 | J39: +1 248-626-2600 | K39: ChIJV4SrzAu6JIgRjZ5wfSvA6iE | L39: Private/dup? | V39: Private
A40: GC039 | B40: Knollwood Country Club | C40: West Bloomfield Township | D40: Oakland | E40: 5050 W Maple Rd, West Bloomfield Township, MI 48322 | F40: 42.544702 | G40: -83.328327 | H40: 4.7 | I40: 90 | J40: +1 248-855-1800 | K40: ChIJLWazkJu5JIgRgMxeunHnEYM | L40: Private | V40: Private
A41: GC040 | B41: Oakland Hills Country Club | C41: Bloomfield Hills | D41: Oakland | E41: 3951 W Maple Rd, Bloomfield Hills, MI 48301 | F41: 42.543896 | G41: -83.277687 | H41: 4.8 | I41: 274 | J41: +1 248-644-2500 | K41: ChIJydIChme4JIgROzF-VAEpMo8 | L41: Private | M41: 36 | N41: 72 | O41: 1918 | P41: Donald Ross | R41: 77 | S41: 145 | T41: 7509 | U41: South course; 36 holes; major-championship venue | V41: Private
A42: GC041 | B42: Orchard Lake Country Club | C42: West Bloomfield Township | D42: Oakland | E42: 5000 W Shore Dr, West Bloomfield Township, MI 48324 | F42: 42.585863 | G42: -83.382677 | H42: 4.7 | I42: 193 | J42: +1 248-682-0100 | K42: ChIJWbzA-G-7JIgRg96_RHKrrsA | L42: Private | V42: Private
A43: GC042 | B43: Pine Lake Country Club | C43: West Bloomfield Township | D43: Oakland | E43: 3300 Pine Lake Rd, West Bloomfield Township, MI 48324 | F43: 42.592992 | G43: -83.343317 | H43: 4.8 | I43: 257 | J43: +1 248-682-1300 | K43: ChIJL8LCHgS8JIgRRRSzUryME34 | L43: Private | V43: Private
A44: GC043 | B44: Sycamore Hills Golf Club | C44: Macomb | D44: Macomb | E44: 48787 North Ave, Macomb, MI 48042 | F44: 42.656245 | G44: -82.878149 | H44: 3.9 | I44: 671 | J44: +1 586-598-9500 | K44: ChIJewmeFJEfJYgROV6VMmmO4E8 | L44: Public/Muni | V44: Value (est)
A45: GC044 | B45: Hickory Hollow Golf Club | C45: Macomb | D45: Macomb | E45: 49001 North Ave, Macomb, MI 48042 | F45: 42.660102 | G45: -82.878159 | H45: 4.1 | I45: 378 | J45: +1 586-949-9033 | K45: ChIJ_8zEXJMfJYgRuxVIaxcHROg | L45: Public/Muni | V45: Value (est)
A46: GC045 | B46: Cracklewood Golf Club | C46: Macomb | D46: Macomb | E46: 18215 24 Mile Rd, Macomb, MI 48042 | F46: 42.689617 | G46: -82.942924 | H46: 3.9 | I46: 130 | J46: +1 586-781-0808 | K46: ChIJO76uZ63hJIgRShIywjmK_BQ | L46: Public/Muni | V46: Value (est)
A47: GC046 | B47: Rattle Run Golf Course | C47: East China Township | D47: St. Clair | E47: 7163 St Clair Hwy, East China Township, MI 48054 | F47: 42.797696 | G47: -82.601355 | H47: 4.3 | I47: 339 | J47: +1 810-329-2070 | K47: ChIJuyuZ6Z8NJYgRPs8qMwAMw0g | L47: Public/Muni | V47: Mid (est)
A48: GC047 | B48: Cherry Creek Golf Club | C48: Shelby Township | D48: Macomb | E48: 52000 Cherry Creek Dr, Shelby Township, MI 48316 | F48: 42.676976 | G48: -83.021367 | H48: 4.5 | I48: 1030 | J48: +1 586-254-7700 | K48: ChIJf0h2FBHnJIgRTPuveGYdpH4 | L48: Public/Muni | V48: Premium (est)
A49: GC048 | B49: The Orchards Golf Club | C49: Washington | D49: Macomb | E49: 62900 Campground Rd, Washington, MI 48094 | F49: 42.755653 | G49: -83.036557 | H49: 4.3 | I49: 378 | J49: +1 586-786-7200 | K49: ChIJXTgpd7XlJIgRYagZ1MP2S-A | L49: Public/Muni | V49: Premium (fee)
A50: GC049 | B50: Bello Woods Golf Course | C50: Macomb | D50: Macomb | E50: 23650 23 Mile Rd, Macomb, MI 48042 | F50: 42.672508 | G50: -82.871765 | H50: 3.9 | I50: 401 | J50: +1 586-949-1200 | K50: ChIJyVsqpqUfJYgREAlPXV1Ooss | L50: Public/Muni | V50: Value (fee)
A51: GC050 | B51: Bruce Hills Public Golf Course | C51: Bruce Township | D51: Macomb | E51: 6771 Taft Rd, Bruce Township, MI 48065 | F51: 42.824 | G51: -83.051683 | H51: 3.9 | I51: 187 | J51: +1 586-752-7244 | K51: ChIJMek7sML6JIgRHxm0I5M3RPw | L51: Public/Muni | V51: Value (est)
A52: GC051 | B52: Bee Tee Golf Course | C52: Macomb | D52: Macomb | E52: 22871 21 Mile Rd, Macomb, MI 48044 | F52: 42.647578 | G52: -82.88073 | H52: 3.7 | I52: 231 | J52: +1 586-466-0100 | K52: ChIJ6X41f4wfJYgRMs7Gc_VGylg | L52: Public/Muni | V52: Value (est)
A53: GC052 | B53: Heather Hills Golf Club | C53: Bruce Township | D53: Macomb | E53: 3100 McKail Rd, Bruce Township, MI 48065 | F53: 42.880275 | G53: -83.090995 | H53: 4.5 | I53: 329 | J53: +1 810-798-3971 | K53: ChIJK4Ir3K_wJIgRNeO0HwbvQF8 | L53: Public/Muni | V53: Value (est)
... A58: GC057 | B58: Somerset Golf Club | C58: Troy | D58: Oakland | E58: 2401 Golfview Dr, Troy, MI 48084 | F58: 42.558334 | G58: -83.180168 | H58: 3.6 | I58: 98 | J58: +1 248-643-8737 | K58: ChIJ76pRq5bGJIgRMDfFf4JX1EQ | L58: Public/Muni | V58: Value (est)

Sheet GreenFees
A1: course_id | B1: course_name | C1: segment | D1: holes | E1: cart | F1: resident_status | G1: green_fee | H1: snapshot_date | I1: source_url
A2: GC001 | B2: Fox Hills (EXAMPLE ROW – delete) | C2: Weekend | D2: 18 | E2: Riding | F2: Non-resident | G2: 59 | H2: 2026-07-28 | I2: https://course-website/rates
A3: GC001 | B3: Fox Hills Golf & Banquet Center | C3: Weekday | D3: 18 | E3: Riding | F3: Non-resident
A4: GC001 | B4: Fox Hills Golf & Banquet Center | C4: Weekend | D4: 18 | E4: Riding | F4: Non-resident
A5: GC001 | B5: Fox Hills Golf & Banquet Center | C5: Twilight | D5: 18 | E5: Riding | F5: Non-resident
A6: GC002 | B6: Northville Hills Golf Club | C6: Weekday | D6: 18 | E6: Riding | F6: Non-resident
A7: GC002 | B7: Northville Hills Golf Club | C7: Weekend | D7: 18 | E7: Riding | F7: Non-resident
A8: GC002 | B8: Northville Hills Golf Club | C8: Twilight | D8: 18 | E8: Riding | F8: Non-resident
A9: GC003 | B9: Links of Novi | C9: Weekday | D9: 18 | E9: Riding | F9: Non-resident
A10: GC003 | B10: Links of Novi | C10: Weekend | D10: 18 | E10: Riding | F10: Non-resident
A11: GC003 | B11: Links of Novi | C11: Twilight | D11: 18 | E11: Riding | F11: Non-resident
A12: GC004 | B12: Hilltop Golf Course | C12: Weekday | D12: 18 | E12: Riding | F12: Non-resident
A13: GC004 | B13: Hilltop Golf Course | C13: Weekend | D13: 18 | E13: Riding | F13: Non-resident
A14: GC004 | B14: Hilltop Golf Course | C14: Twilight | D14: 18 | E14: Riding | F14: Non-resident
... A23: GC007 | B23: Copper Creek Golf Course | C23: Twilight | D23: 18 | E23: Riding | F23: Non-resident
A24: GC008 | B24: Glen Oaks Golf Course | C24: Weekday | D24: 18 | E24: Riding | F24: Non-resident | I24: Not published online (aggregator: call course to confirm)
A25: GC008 | B25: Glen Oaks Golf Course | C25: Weekend | D25: 18 | E25: Riding | F25: Non-resident
A26: GC008 | B26: Glen Oaks Golf Course | C26: Twilight | D26: 18 | E26: Riding | F26: Non-resident
A27: GC009 | B27: Fox Creek Golf Course | C27: Weekday | D27: 18 | E27: Riding | F27: Non-resident
A28: GC009 | B28: Fox Creek Golf Course | C28: Weekend | D28: 18 | E28: Riding | F28: Non-resident
A29: GC009 | B29: Fox Creek Golf Course | C29: Twilight | D29: 18 | E29: Riding | F29: Non-resident
A30: GC010 | B30: Whispering Willows Golf Course | C30: Weekday | D30: 18 | E30: Riding | F30: Non-resident
A31: GC010 | B31: Whispering Willows Golf Course | C31: Weekend | D31: 18 | E31: Riding | F31: Non-resident
A32: GC010 | B32: Whispering Willows Golf Course | C32: Twilight | D32: 18 | E32: Riding | F32: Non-resident
A33: GC011 | B33: Glenhurst Golf Course | C33: Weekday | D33: 18 | E33: Riding | F33: Non-resident | I33: Not published online (aggregator: call course to confirm)
A34: GC011 | B34: Glenhurst Golf Course | C34: Weekend | D34: 18 | E34: Riding | F34: Non-resident
A35: GC011 | B35: Glenhurst Golf Course | C35: Twilight | D35: 18 | E35: Riding | F35: Non-resident
A36: GC012 | B36: Western Golf & Country Club | C36: Weekday | D36: 18 | E36: Riding | F36: Non-resident
A37: GC012 | B37: Western Golf & Country Club | C37: Weekend | D37: 18 | E37: Riding | F37: Non-resident
A38: GC012 | B38: Western Golf & Country Club | C38: Twilight | D38: 18 | E38: Riding | F38: Non-resident
A39: GC013 | B39: Idyl Wyld Golf Course | C39: Weekday | D39: 18 | E39: Riding | F39: Non-resident
A40: GC013 | B40: Idyl Wyld Golf Course | C40: Weekend | D40: 18 | E40: Riding | F40: Non-resident
A41: GC013 | B41: Idyl Wyld Golf Course | C41: Twilight | D41: 18 | E41: Riding | F41: Non-resident
A42: GC014 | B42: Warren Valley Golf Course | C42: Weekday | D42: 18 | E42: Riding | F42: Non-resident | I42: Not published online (aggregator: call course to confirm)
A43: GC014 | B43: Warren Valley Golf Course | C43: Weekend | D43: 18 | E43: Riding | F43: Non-resident
A44: GC014 | B44: Warren Valley Golf Course | C44: Twilight | D44: 18 | E44: Riding | F44: Non-resident
A45: GC015 | B45: TPC Michigan | C45: Weekday | D45: 18 | E45: Riding | F45: Non-resident
A46: GC015 | B46: TPC Michigan | C46: Weekend | D46: 18 | E46: Riding | F46: Non-resident
A47: GC015 | B47: TPC Michigan | C47: Twilight | D47: 18 | E47: Riding | F47: Non-resident
A48: GC017 | B48: Rouge Park Golf Course | C48: Weekday | D48: 18 | E48: Riding | F48: Non-resident | G48: 40 | H48: 2026 season | I48: rouge.golf/course-rates (official)
A49: GC017 | B49: Rouge Park Golf Course | C49: Weekend | D49: 18 | E49: Riding | F49: Non-resident | G49: 50 | H49: 2026 season | I49: rouge.golf/course-rates (official)
A50: GC017 | B50: Rouge Park Golf Course | C50: Twilight | D50: 18 | E50: Riding | F50: Non-resident
A51: GC018 | B51: Chandler Park Golf Course | C51: Weekday | D51: 18 | E51: Riding | F51: Non-resident | G51: 40 | H51: 2026 season | I51: chandler.golf/course-rates (official, Troon)
A52: GC018 | B52: Chandler Park Golf Course | C52: Weekend | D52: 18 | E52: Riding | F52: Non-resident | G52: 50 | H52: 2026 season | I52: chandler.golf/course-rates (official, Troon)
A53: GC018 | B53: Chandler Park Golf Course | C53: Twilight | D53: 18 | E53: Riding | F53: Non-resident
A54: GC019 | B54: Evergreen Hills Golf Course | C54: Weekday | D54: 18 | E54: Riding | F54: Non-resident
A55: GC019 | B55: Evergreen Hills Golf Course | C55: Weekend | D55: 18 | E55: Riding | F55: Non-resident
A56: GC019 | B56: Evergreen Hills Golf Course | C56: Twilight | D56: 18 | E56: Riding | F56: Non-resident
A57: GC020 | B57: Rackham Golf Course | C57: Weekday | D57: 18 | E57: Riding | F57: Non-resident | I57: Detroit Parks/Troon system — Rouge & Chandler both $40/$50 ride; confirm Rackham
A58: GC020 | B58: Rackham Golf Course | C58: Weekend | D58: 18 | E58: Riding | F58: Non-resident
A59: GC020 | B59: Rackham Golf Course | C59: Twilight | D59: 18 | E59: Riding | F59: Non-resident
A60: GC021 | B60: Lakes of Taylor Golf Course | C60: Weekday | D60: 18 | E60: Riding | F60: Non-resident
A61: GC021 | B61: Lakes of Taylor Golf Course | C61: Weekend | D61: 18 | E61: Riding | F61: Non-resident
A62: GC021 | B62: Lakes of Taylor Golf Course | C62: Twilight | D62: 18 | E62: Riding | F62: Non-resident
A63: GC023 | B63: Lincoln Hills Golf Course | C63: Weekday | D63: 18 | E63: Riding | F63: Non-resident | I63: Not published online (aggregator: call course to confirm)
A64: GC023 | B64: Lincoln Hills Golf Course | C64: Weekend | D64: 18 | E64: Riding | F64: Non-resident
A65: GC023 | B65: Lincoln Hills Golf Course | C65: Twilight | D65: 18 | E65: Riding | F65: Non-resident
A66: GC024 | B66: Stonebridge Golf Club | C66: Weekday | D66: 18 | E66: Riding | F66: Non-resident
A67: GC024 | B67: Stonebridge Golf Club | C67: Weekend | D67: 18 | E67: Riding | F67: Non-resident
A68: GC024 | B68: Stonebridge Golf Club | C68: Twilight | D68: 18 | E68: Riding | F68: Non-resident
A69: GC025 | B69: Huron Hills Golf Course | C69: Weekday | D69: 18 | E69: Riding | F69: Non-resident | G69: 40 | H69: 2026-04-24 | I69: GreenFeeTracker (aggregator, VERIFY)
A70: GC025 | B70: Huron Hills Golf Course | C70: Weekend | D70: 18 | E70: Riding | F70: Non-resident | G70: 45 | H70: 2026-04-24 | I70: GreenFeeTracker (aggregator, VERIFY)
A71: GC025 | B71: Huron Hills Golf Course | C71: Twilight | D71: 18 | E71: Riding | F71: Non-resident | G71: 29 | H71: 2026-04-24 | I71: GreenFeeTracker (aggregator, VERIFY)
A72: GC026 | B72: Leslie Park Golf Course | C72: Weekday | D72: 18 | E72: Riding | F72: Non-resident | G72: 52 | H72: 2026-04-24 | I72: GreenFeeTracker (aggregator, VERIFY)
A73: GC026 | B73: Leslie Park Golf Course | C73: Weekend | D73: 18 | E73: Riding | F73: Non-resident | G73: 69 | H73: 2026-04-24 | I73: GreenFeeTracker (aggregator, VERIFY)
A74: GC026 | B74: Leslie Park Golf Course | C74: Twilight | D74: 18 | E74: Riding | F74: Non-resident | G74: 38 | H74: 2026-04-24 | I74: GreenFeeTracker (aggregator, VERIFY)
A75: GC027 | B75: Washtenaw Golf Club | C75: Weekday | D75: 18 | E75: Riding | F75: Non-resident
A76: GC027 | B76: Washtenaw Golf Club | C76: Weekend | D76: 18 | E76: Riding | F76: Non-resident
A77: GC027 | B77: Washtenaw Golf Club | C77: Twilight | D77: 18 | E77: Riding | F77: Non-resident
A78: GC028 | B78: University of Michigan Golf Course | C78: Weekday | D78: 18 | E78: Riding | F78: Non-resident | I78: Not published online (aggregator: call course to confirm)
A79: GC028 | B79: University of Michigan Golf Course | C79: Weekend | D79: 18 | E79: Riding | F79: Non-resident
A80: GC028 | B80: University of Michigan Golf Course | C80: Twilight | D80: 18 | E80: Riding | F80: Non-resident
A81: GC029 | B81: Eagle Crest Golf Club | C81: Weekday | D81: 18 | E81: Riding | F81: Non-resident | I81: Not published online (aggregator: call course to confirm)
A82: GC029 | B82: Eagle Crest Golf Club | C82: Weekend | D82: 18 | E82: Riding | F82: Non-resident
A83: GC029 | B83: Eagle Crest Golf Club | C83: Twilight | D83: 18 | E83: Riding | F83: Non-resident
A84: GC030 | B84: Lake Forest Golf Club | C84: Weekday | D84: 18 | E84: Riding | F84: Non-resident
A85: GC030 | B85: Lake Forest Golf Club | C85: Weekend | D85: 18 | E85: Riding | F85: Non-resident
A86: GC030 | B86: Lake Forest Golf Club | C86: Twilight | D86: 18 | E86: Riding | F86: Non-resident
A87: GC031 | B87: Green Oaks Golf Course | C87: Weekday | D87: 18 | E87: Riding | F87: Non-resident | I87: Not published online (aggregator: call course to confirm)
A88: GC031 | B88: Green Oaks Golf Course | C88: Weekend | D88: 18 | E88: Riding | F88: Non-resident
A89: GC031 | B89: Green Oaks Golf Course | C89: Twilight | D89: 18 | E89: Riding | F89: Non-resident
A90: GC032 | B90: Pine View Golf Course | C90: Weekday | D90: 18 | E90: Riding | F90: Non-resident | G90: 44 | H90: 2026-04-24 | I90: GreenFeeTracker (aggregator, VERIFY)
A91: GC032 | B91: Pine View Golf Course | C91: Weekend | D91: 18 | E91: Riding | F91: Non-resident | G91: 46 | H91: 2026-04-24 | I91: GreenFeeTracker (aggregator, VERIFY)
A92: GC032 | B92: Pine View Golf Course | C92: Twilight | D92: 18 | E92: Riding | F92: Non-resident | G92: 35 | H92: 2026-04-24 | I92: GreenFeeTracker (aggregator, VERIFY)
A93: GC033 | B93: Brookside Golf Course-Saline | C93: Weekday | D93: 18 | E93: Riding | F93: Non-resident | I93: Not published online (aggregator: call course to confirm)
A94: GC033 | B94: Brookside Golf Course-Saline | C94: Weekend | D94: 18 | E94: Riding | F94: Non-resident
A95: GC033 | B95: Brookside Golf Course-Saline | C95: Twilight | D95: 18 | E95: Riding | F95: Non-resident
A96: GC038 | B96: Glen Oaks Country Club | C96: Weekday | D96: 18 | E96: Riding | F96: Non-resident
A97: GC038 | B97: Glen Oaks Country Club | C97: Weekend | D97: 18 | E97: Riding | F97: Non-resident
A98: GC038 | B98: Glen Oaks Country Club | C98: Twilight | D98: 18 | E98: Riding | F98: Non-resident
A99: GC043 | B99: Sycamore Hills Golf Club | C99: Weekday | D99: 18 | E99: Riding | F99: Non-resident | I99: Not published online (aggregator: call course to confirm)
A100: GC043 | B100: Sycamore Hills Golf Club | C100: Weekend | D100: 18 | E100: Riding | F100: Non-resident
A101: GC043 | B101: Sycamore Hills Golf Club | C101: Twilight | D101: 18 | E101: Riding | F101: Non-resident
A102: GC044 | B102: Hickory Hollow Golf Club | C102: Weekday | D102: 18 | E102: Riding | F102: Non-resident | I102: Not published online (aggregator: call course to confirm)
A103: GC044 | B103: Hickory Hollow Golf Club | C103: Weekend | D103: 18 | E103: Riding | F103: Non-resident
A104: GC044 | B104: Hickory Hollow Golf Club | C104: Twilight | D104: 18 | E104: Riding | F104: Non-resident
A105: GC045 | B105: Cracklewood Golf Club | C105: Weekday | D105: 18 | E105: Riding | F105: Non-resident | I105: Not published online (aggregator: call course to confirm)
A106: GC045 | B106: Cracklewood Golf Club | C106: Weekend | D106: 18 | E106: Riding | F106: Non-resident
A107: GC045 | B107: Cracklewood Golf Club | C107: Twilight | D107: 18 | E107: Riding | F107: Non-resident
A108: GC046 | B108: Rattle Run Golf Course | C108: Weekday | D108: 18 | E108: Riding | F108: Non-resident
...

Sheet README
A1: Metro Detroit Golf Course Competitive Scan — data collection workbook
A2: Generated 2026-07-28 · 57 courses · Wayne / Oakland / Macomb / Washtenaw / St. Clair
A4: WHAT'S POPULATED (hard data, Google Places API):
A5: name, city, address, latitude, longitude, google_rating, google_reviews, phone, place_id.
A6: These are pulled and verified from Google. google_rating = customer satisfaction (0–5); it is NOT course difficulty.
A8: WHAT YOU FILL IN (yellow cells):
A9: Courses sheet: holes, par, year_built, architect, mgmt_company, usga_course_rating, usga_slope, yardage_back_tees, notes.
A10: GreenFees sheet: green_fee, snapshot_date, source_url — one row per course × price segment.
A12: PROVISIONAL / UNVERIFIED (verify before using):
A13: • county (auto) is derived from mailing city. Cells flagged with * are border cases — Northville and Plymouth
A14: straddle Wayne/Oakland/Washtenaw lines. Spot-check these.
A15: • type_provisional (peach cells) is my best guess from Google metadata + review language, NOT confirmed.
... A35: *Semi-private is identified as public

Sheet CANVA
B2: Golf pic or a data pic or somehow both
B3: Scatter Google Review vs. Slope Rating
B4: Public course breakout
B5: Private course breakout
B6: Rank of hardest courses public/private
B7: Top 5 Google Review public/private
B8: Top 5 most reviewed public/private
B9: Relationship between review # and slope or review # and rating
B10: County course breakout
B12: Map of the courses -> where could I live in metro Detroit and be within 15 minutes/the most golf courses public/private
B13: Endnotes/Caveats
B16: Google Review Stats

Sheet CallSheet
A1: course_id | B1: course | C1: city | D1: phone | E1: type | F1: WD_18_ride | G1: WE_18_ride | H1: twilight | I1: resident_rate | J1: date_called | K1: notes
A2: GC001 | B2: Fox Hills Golf & Banquet Center | C2: Plymouth | D2: +1 734-453-7272 | E2: Public/Muni
A3: GC002 | B3: Northville Hills Golf Club | C3: Northville | D3: +1 734-667-4653 | E3: Public/Muni
A4: GC003 | B4: Links of Novi | C4: Novi | D4: +1 248-380-9595 | E4: Public/Muni
A5: GC004 | B5: Hilltop Golf Course | C5: Plymouth | D5: +1 734-453-9800 | E5: Public/Muni
A6: GC005 | B6: Farmington Hills Golf Club | C6: Farmington Hills | D6: +1 248-473-1866 | E6: Public/Muni
A7: GC006 | B7: Maples Golf Club | C7: Novi | D7: +1 248-896-2765 | E7: Public/Muni
A8: GC007 | B8: Copper Creek Golf Course | C8: Farmington Hills | D8: +1 248-489-1777 | E8: Public/Muni
A9: GC008 | B9: Glen Oaks Golf Course | C9: Farmington Hills | D9: +1 248-851-8356 | E9: Public/Muni
A10: GC009 | B10: Fox Creek Golf Course | C10: Livonia | D10: +1 248-471-3400 | E10: Public/Muni
A11: GC010 | B11: Whispering Willows Golf Course | C11: Livonia | D11: +1 248-476-4493 | E11: Public/Muni
A12: GC011 | B12: Glenhurst Golf Course | C12: Redford Township | D12: +1 313-592-8758 | E12: Public/Muni
A13: GC012 | B13: Western Golf & Country Club | C13: Redford Township | D13: +1 313-531-1240 | E13: VERIFY
... A15: GC014 | B15: Warren Valley Golf Course | C15: Dearborn Heights | D15: +1 313-989-0135 | E15: Public/Muni
A16: GC017 | B16: Rouge Park Golf Course | C16: Detroit | D16: +1 313-837-5900 | E16: Public/Muni | K16: verified fee on file — spot-check only
A17: GC018 | B17: Chandler Park Golf Course | C17: Detroit | D17: +1 313-331-7755 | E17: Public/Muni | K17: verified fee on file — spot-check only
A18: GC019 | B18: Evergreen Hills Golf Course | C18: Southfield | D18: +1 248-796-4666 | E18: Public/Muni
A19: GC020 | B19: Rackham Golf Course | C19: Huntington Woods | D19: +1 248-543-4040 | E19: Public/Muni
A20: GC021 | B20: Lakes of Taylor Golf Course | C20: Taylor | D20: +1 734-287-2100 | E20: Public/Muni
A21: GC023 | B21: Lincoln Hills Golf Course | C21: Birmingham | D21: +1 248-530-1670 | E21: Public/Muni
A22: GC024 | B22: Stonebridge Golf Club | C22: Ann Arbor | D22: +1 734-429-8383 | E22: Public/Muni
A23: GC025 | B23: Huron Hills Golf Course | C23: Ann Arbor | D23: +1 734-794-6246 | E23: Public/Muni | K23: verified fee on file — spot-check only
A24: GC026 | B24: Leslie Park Golf Course | C24: Ann Arbor | D24: +1 734-794-6245 | E24: Public/Muni | K24: verified fee on file — spot-check only
A25: GC027 | B25: Washtenaw Golf Club | C25: Ypsilanti | D25: +1 734-434-2150 | E25: Public/Muni
A26: GC028 | B26: University of Michigan Golf Course | C26: Ann Arbor | D26: +1 734-615-4653 | E26: VERIFY
A27: GC029 | B27: Eagle Crest Golf Club | C27: Ypsilanti | D27: +1 734-487-2441 | E27: Public/Muni
A28: GC030 | B28: Lake Forest Golf Club | C28: Ann Arbor | D28: +1 734-994-8580 | E28: Public/Muni
A29: GC031 | B29: Green Oaks Golf Course | C29: Ypsilanti | D29: +1 734-485-0881 | E29: Public/Muni
A30: GC032 | B30: Pine View Golf Course | C30: Ypsilanti | D30: +1 734-481-0500 | E30: Public/Muni | K30: verified fee on file — spot-check only
A31: GC033 | B31: Brookside Golf Course-Saline | C31: Saline | D31: +1 734-429-4276 | E31: Public/Muni
A32: GC043 | B32: Sycamore Hills Golf Club | C32: Macomb | D32: +1 586-598-9500 | E32: Public/Muni
A33: GC044 | B33: Hickory Hollow Golf Club | C33: Macomb | D33: +1 586-949-9033 | E33: Public/Muni
A34: GC045 | B34: Cracklewood Golf Club | C34: Macomb | D34: +1 586-781-0808 | E34: Public/Muni
A35: GC046 | B35: Rattle Run Golf Course | C35: East China Township | D35: +1 810-329-2070 | E35: Public/Muni
A36: GC047 | B36: Cherry Creek Golf Club | C36: Shelby Township | D36: +1 586-254-7700 | E36: Public/Muni
A37: GC048 | B37: The Orchards Golf Club | C37: Washington | D37: +1 586-786-7200 | E37: Public/Muni | K37: verified fee on file — spot-check only
A38: GC049 | B38: Bello Woods Golf Course | C38: Macomb | D38: +1 586-949-1200 | E38: Public/Muni | K38: verified fee on file — spot-check only
A39: GC050 | B39: Bruce Hills Public Golf Course | C39: Bruce Township | D39: +1 586-752-7244 | E39: Public/Muni
A40: GC051 | B40: Bee Tee Golf Course | C40: Macomb | D40: +1 586-466-0100 | E40: Public/Muni
A41: GC052 | B41: Heather Hills Golf Club | C41: Bruce Township | D41: +1 810-798-3971 | E41: Public/Muni
A42: GC053 | B42: Sylvan Glen Golf Course | C42: Troy | D42: +1 248-619-7692 | E42: Public/Muni
A43: GC054 | B43: Sanctuary Lake Golf Course | C43: Troy | D43: +1 248-619-7600 | E43: Public/Muni
A44: GC055 | B44: Pine Trace Golf Club | C44: Rochester Hills | D44: +1 248-852-7100 | E44: Public/Muni
A45: GC056 | B45: Hampton Golf Club | C45: Rochester Hills | D45: +1 248-852-3250 | E45: Public/Muni
A46: GC057 | B46: Somerset Golf Club | C46: Troy | D46: +1 248-643-8737 | E46: Public/Muni
